name,team,position,fixture,predicted_points,now_cost,points_per_game,form,expected_goals,minutes,assists,goals_scored,yellow_cards,red_cards,saves_per_90,total_points,clean_sheets,opponent_difficulty,is_home,chance_of_playing_this_round
Mohamed Salah,Liverpool,MID,Liverpool (H) vs Ipswich,11.253,13.7,10.2,7.4,0.9869999999999999,1853,13,18,1,0,0.0,214,9,2,True,
Cole Palmer,Chelsea,MID,Chelsea (A) vs Man City,9.4092,11.4,7.5,6.8,0.6876,1921,7,14,3,0,0.0,165,4,5,False,75.0
Bryan Mbeumo,Brentford,MID,Brentford (A) vs Crystal Palace,8.396999999999998,7.8,6.4,6.6,0.4074,1975,3,13,2,0,0.0,140,4,2,False,100.0
Alexander Isak,Newcastle,FWD,Newcastle (A) vs Southampton,8.3118,9.4,6.8,8.0,0.7524,1632,5,15,1,0,0.0,137,7,2,False,100.0
Erling Haaland,Man City,FWD,Man City (H) vs Chelsea,8.109599999999999,14.8,6.0,5.8,1.0464,1944,1,17,2,0,0.0,131,5,4,True,100.0
Chris Wood,Nott'm Forest,FWD,Nott'm Forest (A) vs Bournemouth,8.043000000000001,7.1,6.1,8.6,0.4806,1743,2,14,1,0,0.0,135,10,3,False,100.0
Matheus Santos Carneiro Da Cunha,Wolves,FWD,Wolves (H) vs Arsenal,7.1424,6.9,5.4,3.2,0.2826,1695,4,10,2,0,0.0,114,3,5,True,75.0
Justin Kluivert,Bournemouth,MID,Bournemouth (H) vs Nott'm Forest,6.2508,5.6,5.1,7.0,0.4728,1351,3,10,6,0,0.0,108,9,3,True,100.0
Amad Diallo,Man Utd,MID,Man Utd (A) vs Fulham,6.1608,5.6,5.1,7.0,0.24180000000000001,1411,7,6,3,0,0.0,102,5,3,False,100.0
Nicolas Jackson,Chelsea,FWD,Chelsea (A) vs Man City,6.0714,7.9,4.9,2.2,0.6174,1624,5,9,5,0,0.0,102,8,5,False,
Ollie Watkins,Aston Villa,FWD,Aston Villa (H) vs West Ham,5.991,8.9,5.0,6.2,0.6666,1529,4,10,0,0,0.0,110,5,2,True,100.0
James Maddison,Spurs,MID,,5.9802,7.5,4.6,1.0,0.27959999999999996,1293,5,8,4,0,0.0,102,4,0,False,
Bruno Borges Fernandes,Man Utd,MID,Man Utd (A) vs Fulham,5.973,8.4,4.8,3.4,0.4553999999999999,1745,7,5,1,2,0.0,100,6,3,False,100.0
Alex Iwobi,Fulham,MID,Fulham (H) vs Man Utd,5.973,5.9,4.7,4.4,0.1722,1851,3,7,1,0,0.0,103,5,3,True,
Luis Díaz,Liverpool,MID,Liverpool (H) vs Ipswich,5.9399999999999995,7.5,5.0,2.8,0.3594,1250,3,8,2,0,0.0,100,9,2,True,75.0
Yoane Wissa,Brentford,FWD,Brentford (A) vs Crystal Palace,5.937599999999999,6.2,5.2,4.6,0.6084,1481,3,10,2,0,0.0,99,4,2,False,100.0
Anthony Gordon,Newcastle,MID,Newcastle (A) vs Southampton,5.8674,7.7,4.8,6.8,0.44160000000000005,1678,5,6,1,0,0.0,101,9,2,False,100.0
Trent Alexander-Arnold,Liverpool,DEF,Liverpool (H) vs Ipswich,5.832,7.2,4.8,6.0,0.048,1574,5,1,4,0,0.0,96,8,2,True,100.0
Matz Sels,Nott'm Forest,GKP,Nott'm Forest (A) vs Bournemouth,5.829599999999999,5.0,4.5,5.4,0.0,1980,1,0,2,0,2.91,98,9,3,False,100.0
Ola Aina,Nott'm Forest,DEF,Nott'm Forest (A) vs Bournemouth,5.810999999999999,5.3,4.6,5.2,0.033600000000000005,1913,1,2,2,0,0.0,101,9,3,False,100.0
Son Heung-min,Spurs,MID,,5.710800000000001,9.8,4.8,2.6,0.30660000000000004,1403,6,6,0,0,0.0,92,2,0,False,100.0
Morgan Rogers,Aston Villa,MID,Aston Villa (H) vs West Ham,5.666399999999999,5.5,4.5,4.0,0.2178,1739,5,6,6,0,0.0,95,4,2,True,100.0
Dejan Kulusevski,Spurs,MID,,5.4804,6.4,4.2,4.0,0.192,1768,4,6,3,0,0.0,92,4,0,False,
Mitoma Kaoru,Brighton,MID,Brighton (H) vs Everton,5.457599999999999,6.3,4.2,5.4,0.3018,1752,4,5,0,0,0.0,92,4,2,True,100.0
Antoine Semenyo,Bournemouth,MID,Bournemouth (H) vs Nott'm Forest,5.451,5.6,4.3,5.6,0.3654,1836,4,6,5,0,0.0,91,6,3,True,100.0
Jordan Pickford,Everton,GKP,Everton (A) vs Brighton,5.4162,5.0,4.3,3.4,0.0,1890,0,0,5,0,3.14,90,7,2,False,
Gabriel dos Santos Magalhães,Arsenal,DEF,Arsenal (A) vs Wolves,5.3591999999999995,6.4,4.2,2.4,0.147,1718,2,3,3,0,0.0,85,6,2,False,100.0
Raúl Jiménez,Fulham,FWD,Fulham (H) vs Man Utd,5.2716,5.7,4.1,5.4,0.4848,1382,2,8,3,0,0.0,90,5,3,True,
Brennan Johnson,Spurs,MID,,5.2614,6.3,4.2,2.8,0.5046,1490,4,7,3,0,0.0,89,2,0,False,75.0
Lewis Hall,Newcastle,DEF,Newcastle (A) vs Southampton,5.2025999999999994,5.0,4.0,6.0,0.022799999999999997,1742,5,0,3,0,0.0,89,8,2,False,
Noni Madueke,Chelsea,MID,Chelsea (A) vs Man City,5.1876,6.1,4.4,2.4,0.39119999999999994,1279,4,6,3,0,0.0,88,3,5,False,100.0
Dominic Solanke-Mitchell,Spurs,FWD,,5.0784,7.5,4.6,2.6,0.5058,1598,5,7,0,0,0.0,83,3,0,False,100.0
Kai Havertz,Arsenal,FWD,Arsenal (A) vs Wolves,5.0771999999999995,7.8,4.3,3.0,0.5022,1660,2,8,4,0,0.0,82,6,2,False,100.0
Virgil van Dijk,Liverpool,DEF,Liverpool (H) vs Ipswich,5.028,6.4,4.0,3.4,0.0864,1890,1,1,1,0,0.0,83,9,2,True,
Nikola Milenković,Nott'm Forest,DEF,Nott'm Forest (A) vs Bournemouth,4.9536,4.8,4.1,4.2,0.1716,1890,1,2,2,0,0.0,86,9,3,False,
Joško Gvardiol,Man City,DEF,Man City (H) vs Chelsea,4.9308,6.0,3.9,3.4,0.1746,1842,0,4,1,0,0.0,81,5,4,True,100.0
Bruno Guimarães Rodriguez Moura,Newcastle,MID,Newcastle (A) vs Southampton,4.926,6.1,3.8,5.4,0.132,1925,6,2,3,0,0.0,83,8,2,False,100.0
Murillo Santiago Costa dos Santos,Nott'm Forest,DEF,Nott'm Forest (A) vs Bournemouth,4.9242,4.6,3.9,4.2,0.06420000000000001,1867,0,1,4,0,0.0,81,8,3,False,100.0
Antonee Robinson,Fulham,DEF,Fulham (H) vs Man Utd,4.92,5.1,3.7,4.2,0.038400000000000004,1980,9,0,4,0,0.0,82,4,3,True,
Jørgen Strand Larsen,Wolves,FWD,Wolves (H) vs Arsenal,4.9122,5.4,3.8,2.8,0.36839999999999995,1804,2,7,2,0,0.0,83,4,5,True,
Liam Delap,Ipswich,FWD,Ipswich (A) vs Liverpool,4.909199999999999,5.6,4.0,4.8,0.3876,1597,2,8,7,0,0.0,83,3,5,False,100.0
Milos Kerkez,Bournemouth,DEF,Bournemouth (H) vs Nott'm Forest,4.8822,4.8,3.8,5.4,0.0264,1907,3,2,3,0,0.0,83,5,3,True,100.0
Jean-Philippe Mateta,Crystal Palace,FWD,Crystal Palace (H) vs Brentford,4.879199999999999,7.3,4.0,6.6,0.47759999999999997,1679,1,8,2,0,0.0,88,5,2,True,
Gabriel Martinelli Silva,Arsenal,MID,Arsenal (A) vs Wolves,4.845,6.7,4.0,4.2,0.23220000000000002,1276,2,6,1,0,0.0,81,6,2,False,100.0
Jamie Vardy,Leicester,FWD,Leicester (A) vs Tottenham,4.83,5.5,4.0,2.2,0.4368,1641,4,6,4,0,0.0,80,1,4,False,100.0
David Raya Martin,Arsenal,GKP,Arsenal (A) vs Wolves,4.8156,5.6,3.7,2.8,0.0,1980,0,0,2,0,2.36,81,7,2,False,100.0
Phil Foden,Man City,MID,Man City (H) vs Chelsea,4.8,9.3,4.7,10.0,0.2472,1201,3,6,2,0,0.0,80,3,4,True,100.0
Mikkel Damsgaard,Brentford,MID,Brentford (A) vs Crystal Palace,4.7334,5.0,3.6,3.8,0.11639999999999999,1612,6,2,1,0,0.0,80,6,2,False,100.0
João Pedro Junqueira de Jesus,Brighton,FWD,Brighton (H) vs Everton,4.7184,5.6,4.9,4.6,0.22679999999999997,1205,5,5,2,0,0.0,78,5,2,True,100.0
Morgan Gibbs-White,Nott'm Forest,MID,Nott'm Forest (A) vs Bournemouth,4.707599999999999,6.4,4.3,6.0,0.174,1422,4,4,5,1,0.0,77,8,3,False,100.0
Marc Guéhi,Crystal Palace,DEF,Crystal Palace (H) vs Brentford,4.684199999999999,4.5,3.7,6.4,0.0858,1890,1,3,5,0,0.0,78,6,2,True,100.0
Dean Henderson,Crystal Palace,GKP,Crystal Palace (H) vs Brentford,4.6518,4.5,3.6,4.8,0.0006000000000000001,1980,0,0,2,0,2.77,79,6,2,True,100.0
Eberechi Eze,Crystal Palace,MID,Crystal Palace (H) vs Brentford,4.6026,6.7,3.9,5.8,0.2706,1492,5,2,1,0,0.0,71,6,2,True,100.0
Leandro Trossard,Arsenal,MID,Arsenal (A) vs Wolves,4.5984,6.8,3.6,5.6,0.1938,1278,5,4,1,1,0.0,80,5,2,False,100.0
Ismaïla Sarr,Crystal Palace,MID,Crystal Palace (H) vs Brentford,4.551,5.8,3.5,3.2,0.2394,1427,4,4,3,0,0.0,77,5,2,True,75.0
William Saliba,Arsenal,DEF,Arsenal (A) vs Wolves,4.5443999999999996,6.2,3.8,2.6,0.11279999999999998,1739,0,2,2,1,0.0,76,7,2,False,100.0
André Onana,Man Utd,GKP,Man Utd (A) vs Fulham,4.536,5.1,3.5,1.6,0.0,1980,0,0,0,0,2.55,76,6,3,False,
Danny Welbeck,Brighton,FWD,Brighton (H) vs Everton,4.4670000000000005,5.5,4.5,0.6,0.3516,1191,2,6,1,0,0.0,72,5,2,True,100.0
Daniel Muñoz,Crystal Palace,DEF,Crystal Palace (H) vs Brentford,4.443,4.8,3.5,4.4,0.20099999999999998,1804,2,2,5,0,0.0,73,6,2,True,100.0
Robert Sánchez,Chelsea,GKP,Chelsea (A) vs Man City,4.425,4.8,3.6,1.6,0.0,1800,0,0,5,0,3.4,72,4,5,False,
Anthony Elanga,Nott'm Forest,MID,Nott'm Forest (A) vs Bournemouth,4.4243999999999994,5.3,3.5,6.4,0.1314,1275,5,3,1,0,0.0,77,7,3,False,100.0
Joelinton Cássio Apolinário de Lira,Newcastle,MID,Newcastle (A) vs Southampton,4.4178,6.0,3.5,5.6,0.1848,1762,1,4,8,0,0.0,73,7,2,False,100.0
Tomáš Souček,West Ham,MID,West Ham (A) vs Aston Villa,4.4148,4.9,3.6,3.0,0.22139999999999999,1523,2,5,6,0,0.0,73,4,4,False,100.0
Jacob Murphy,Newcastle,MID,Newcastle (A) vs Southampton,4.3464,5.1,3.9,3.8,0.1422,1161,7,3,2,0,0.0,74,6,2,False,100.0
Mateo Kovačić,Man City,MID,Man City (H) vs Chelsea,4.3229999999999995,5.4,3.9,4.6,0.0786,1363,2,4,4,0,0.0,71,6,4,True,100.0
Emile Smith Rowe,Fulham,MID,Fulham (H) vs Man Utd,4.312799999999999,5.2,3.8,3.0,0.192,1280,2,4,1,0,0.0,76,6,3,True,100.0
Ashley Young,Everton,DEF,Everton (A) vs Brighton,4.2918,4.6,4.0,1.0,0.0132,1458,3,1,5,1,0.0,72,7,2,False,100.0
Callum Hudson-Odoi,Nott'm Forest,MID,Nott'm Forest (A) vs Bournemouth,4.2234,5.2,3.5,3.4,0.1152,1525,3,3,1,0,0.0,70,8,3,False,100.0
Sávio 'Savinho' Moreira de Oliveira,Man City,MID,Man City (H) vs Chelsea,4.191,6.6,4.0,7.0,0.18119999999999997,1077,8,1,2,0,0.0,72,3,4,True,100.0
Martin Ødegaard,Arsenal,MID,Arsenal (A) vs Wolves,4.129199999999999,8.3,3.6,3.2,0.17880000000000001,1198,3,1,1,0,0.0,54,6,2,False,100.0
Bernardo Veiga de Carvalho e Silva,Man City,MID,Man City (H) vs Chelsea,4.1232,6.2,3.3,3.2,0.1692,1734,4,2,4,0,0.0,69,4,4,True,
Tyrick Mitchell,Crystal Palace,DEF,Crystal Palace (H) vs Brentford,4.082400000000001,4.8,3.2,4.6,0.0324,1912,3,0,2,0,0.0,71,7,2,True,
Kevin De Bruyne,Man City,MID,Man City (H) vs Chelsea,4.0644,9.4,4.7,5.6,0.1524,971,8,2,2,0,0.0,70,5,4,True,100.0
Cody Gakpo,Liverpool,FWD,Liverpool (H) vs Ipswich,4.0278,7.4,3.4,5.4,0.25739999999999996,1157,2,6,4,0,0.0,71,3,2,True,
Jurriën Timber,Arsenal,DEF,Arsenal (A) vs Wolves,4.0206,5.6,3.5,2.6,0.0426,1575,1,1,5,0,0.0,67,6,2,False,100.0
Maxence Lacroix,Crystal Palace,DEF,Crystal Palace (H) vs Brentford,3.9665999999999997,4.5,3.4,5.0,0.0972,1710,1,1,3,0,0.0,65,6,2,True,
Bernd Leno,Fulham,GKP,Fulham (H) vs Man Utd,3.9654000000000003,5.0,3.1,3.2,0.0,1980,1,0,2,0,2.91,69,4,3,True,
Trevoh Chalobah,Chelsea,DEF,Chelsea (A) vs Man City,3.9072000000000005,4.4,4.8,4.8,0.0804,1150,1,3,1,0,0.0,62,3,5,False,100.0
Georginio Rutter,Brighton,MID,Brighton (H) vs Everton,3.8616,5.1,3.3,3.0,0.1926,1127,4,4,2,0,0.0,69,4,2,True,100.0
Nathan Collins,Brentford,DEF,Brentford (A) vs Crystal Palace,3.8232,4.5,2.9,3.0,0.1272,1980,4,2,2,0,0.0,64,3,2,False,
Enzo Fernández,Chelsea,MID,Chelsea (A) vs Man City,3.8028,4.9,3.4,1.2,0.141,1507,4,3,3,0,0.0,68,3,5,False,75.0
Mark Flekken,Brentford,GKP,Brentford (A) vs Crystal Palace,3.7979999999999996,4.4,3.0,3.2,0.0,1925,1,0,1,0,4.72,67,2,2,False,100.0
Dango Ouattara,Bournemouth,MID,Bournemouth (H) vs Nott'm Forest,3.7811999999999997,5.0,3.3,3.6,0.28859999999999997,1055,4,3,1,0,0.0,63,4,3,True,100.0
Kepa Arrizabalaga,Bournemouth,GKP,Bournemouth (H) vs Nott'm Forest,3.7794,4.5,3.7,2.6,0.0,1350,0,0,2,0,3.53,55,4,3,True,100.0
Kevin Schade,Brentford,MID,Brentford (A) vs Crystal Palace,3.7794,5.1,3.3,2.8,0.24779999999999996,980,4,5,2,0,0.0,72,3,2,False,
Thomas Partey,Arsenal,MID,Arsenal (A) vs Wolves,3.7739999999999996,5.0,3.1,2.4,0.087,1671,3,2,2,0,0.0,65,4,2,False,100.0
Youri Tielemans,Aston Villa,MID,Aston Villa (H) vs West Ham,3.7721999999999993,5.5,2.9,3.2,0.12419999999999998,1861,4,1,3,0,0.0,63,3,2,True,
Dan Burn,Newcastle,DEF,Newcastle (A) vs Southampton,3.7686,4.4,3.0,4.0,0.051000000000000004,1890,0,0,6,0,0.0,64,8,2,False,100.0
Dominik Szoboszlai,Liverpool,MID,Liverpool (H) vs Ipswich,3.7488,6.3,3.4,0.8,0.264,1296,5,2,6,0,0.0,64,6,2,True,100.0
Pedro Porro,Spurs,DEF,,3.7379999999999995,5.4,3.2,2.2,0.0786,1806,4,2,2,0,0.0,71,4,0,False,100.0
Aaron Wan-Bissaka,West Ham,DEF,West Ham (A) vs Aston Villa,3.7355999999999994,4.5,3.0,2.6,0.058199999999999995,1804,2,2,1,0,0.0,62,3,4,False,
Dean Huijsen,Bournemouth,DEF,Bournemouth (H) vs Nott'm Forest,3.7236,4.4,3.7,3.8,0.0834,1060,0,2,4,0,0.0,59,4,3,True,
Iliman Ndiaye,Everton,FWD,Everton (A) vs Brighton,3.7158,5.4,3.0,4.4,0.13979999999999998,1683,0,4,2,0,0.0,64,9,2,False,100.0
James Tarkowski,Everton,DEF,Everton (A) vs Brighton,3.7079999999999997,4.8,3.0,1.4,0.0558,1881,0,0,4,0,0.0,62,7,2,False,100.0
Harry Wilson,Fulham,MID,Fulham (H) vs Man Utd,3.675,5.2,3.4,5.8,0.1974,777,2,5,2,0,0.0,62,2,3,True,
Bart Verbruggen,Brighton,GKP,Brighton (H) vs Everton,3.6582,4.5,3.0,4.4,0.0,1800,0,0,2,0,2.8,61,4,2,True,100.0
Diogo Teixeira da Silva,Liverpool,MID,Liverpool (H) vs Ipswich,3.6426000000000003,7.2,4.5,3.0,0.2934,622,3,5,1,0,0.0,59,4,2,True,75.0
Jérémy Doku,Man City,MID,Man City (H) vs Chelsea,3.5753999999999997,6.2,3.9,3.4,0.0462,782,4,3,0,0,0.0,58,4,4,True,100.0
Lucas Tolentino Coelho de Lima,West Ham,MID,West Ham (A) vs Aston Villa,3.5634,5.7,3.0,2.4,0.261,1516,1,4,6,0,0.0,62,3,4,False,100.0
Ibrahima Konaté,Liverpool,DEF,Liverpool (H) vs Ipswich,3.5544,5.1,3.7,1.8,0.0618,1219,1,1,4,0,0.0,55,6,2,True,100.0
Alisson Ramses Becker,Liverpool,GKP,Liverpool (H) vs Ipswich,3.5507999999999997,5.5,4.4,4.0,0.0,1158,0,0,0,0,2.33,57,6,2,True,100.0
Vitalii Mykolenko,Everton,DEF,Everton (A) vs Brighton,3.5387999999999997,4.3,3.1,1.4,0.023399999999999997,1645,1,0,2,0,0.0,59,6,2,False,100.0
Rayan Aït-Nouri,Wolves,DEF,Wolves (H) vs Arsenal,3.5351999999999997,4.8,2.8,3.8,0.09059999999999999,1798,5,3,4,1,0.0,59,2,5,True,100.0
Emiliano Martínez Romero,Aston Villa,GKP,Aston Villa (H) vs West Ham,3.531,5.0,2.8,2.8,0.0,1935,0,0,2,0,2.65,61,3,2,True,100.0
Moisés Caicedo Corozo,Chelsea,MID,Chelsea (A) vs Man City,3.5297999999999994,4.9,2.7,1.6,0.033,1945,3,1,5,0,0.0,60,5,5,False,
Keane Lewis-Potter,Brentford,MID,Brentford (A) vs Crystal Palace,3.5136000000000003,5.0,2.7,4.0,0.1266,1737,4,1,3,0,0.0,60,4,2,False,
Curtis Jones,Liverpool,MID,Liverpool (H) vs Ipswich,3.4806,5.3,3.2,3.6,0.177,890,3,3,1,0,0.0,58,3,2,True,100.0
Lucas Digne,Aston Villa,DEF,Aston Villa (H) vs West Ham,3.4776,4.6,2.7,2.8,0.0408,1635,4,0,3,0,0.0,60,3,2,True,
João Victor Gomes da Silva,Wolves,MID,Wolves (H) vs Arsenal,3.447,4.9,2.8,2.4,0.096,1783,1,2,6,0,0.0,58,3,5,True,100.0
Facundo Buonanotte,Leicester,MID,Leicester (A) vs Tottenham,3.396,4.7,3.1,1.4,0.1944,1126,2,4,5,0,0.0,58,2,4,False,100.0
Mohammed Kudus,West Ham,MID,West Ham (A) vs Aston Villa,3.3912,6.2,3.2,2.2,0.2358,1383,1,3,0,1,0.0,55,3,4,False,100.0
Illia Zabarnyi,Bournemouth,DEF,Bournemouth (H) vs Nott'm Forest,3.3714,4.4,2.6,3.4,0.0486,1980,0,0,2,0,0.0,58,5,3,True,
Marc Cucurella Saseta,Chelsea,DEF,Chelsea (A) vs Man City,3.3522,5.2,2.8,2.8,0.0876,1625,2,2,6,1,0.0,56,3,5,False,100.0
Alexis Mac Allister,Liverpool,MID,Liverpool (H) vs Ipswich,3.3348,6.2,2.9,5.2,0.1026,1490,4,1,5,0,0.0,58,8,2,True,100.0
Lewis Cook,Bournemouth,MID,Bournemouth (H) vs Nott'm Forest,3.3324,5.0,2.6,2.4,0.036,1761,3,1,4,0,0.0,55,3,3,True,100.0
Marcus Rashford,Man Utd,MID,Man Utd (A) vs Fulham,3.3299999999999996,6.6,3.6,0.0,0.096,975,1,4,2,0,0.0,54,5,3,False,100.0
Declan Rice,Arsenal,MID,Arsenal (A) vs Wolves,3.3257999999999996,6.2,2.8,2.4,0.0858,1559,3,1,3,1,0.0,56,5,2,False,100.0
Vitaly Janelt,Brentford,MID,Brentford (A) vs Crystal Palace,3.3174,4.9,2.7,2.2,0.039,1562,3,1,2,0,0.0,57,4,2,False,100.0
Fabian Schär,Newcastle,DEF,Newcastle (A) vs Southampton,3.3156,5.4,3.1,2.2,0.0882,1512,0,2,5,1,0.0,55,6,2,False,75.0
Jadon Sancho,Chelsea,MID,Chelsea (A) vs Man City,3.2891999999999997,6.2,3.4,2.4,0.06720000000000001,986,5,2,1,0,0.0,54,2,5,False,100.0
Alejandro Garnacho,Man Utd,MID,Man Utd (A) vs Fulham,3.279,5.9,2.7,1.4,0.2964,1143,2,3,1,0,0.0,56,2,3,False,100.0
Omari Giraud-Hutchinson,Ipswich,MID,Ipswich (A) vs Liverpool,3.2754,5.2,2.8,3.0,0.09659999999999999,1699,1,2,4,0,0.0,55,3,5,False,100.0
Dominic Calvert-Lewin,Everton,FWD,Everton (A) vs Brighton,3.2478000000000002,5.4,2.8,2.2,0.363,1559,2,3,2,0,0.0,58,8,2,False,100.0
Elliot Anderson,Nott'm Forest,MID,Nott'm Forest (A) vs Bournemouth,3.2412,5.0,3.0,3.4,0.0648,1377,5,1,5,0,0.0,64,8,3,False,100.0
Diogo Dalot Teixeira,Man Utd,DEF,Man Utd (A) vs Fulham,3.2375999999999996,5.0,2.6,0.6,0.072,1856,1,0,4,0,0.0,55,5,3,False,100.0
Jan Paul van Hecke,Brighton,DEF,Brighton (H) vs Everton,3.2082,4.5,2.6,4.2,0.045,1700,1,0,4,0,0.0,52,4,2,True,100.0
Andrew Robertson,Liverpool,DEF,Liverpool (H) vs Ipswich,3.1986,5.9,2.8,2.2,0.03,1468,0,0,2,1,0.0,56,7,2,True,
Adama Traoré,Fulham,MID,Fulham (H) vs Man Utd,3.1955999999999998,4.7,2.6,2.2,0.195,1000,3,2,2,0,0.0,54,3,3,True,
Lisandro Martínez,Man Utd,DEF,Man Utd (A) vs Fulham,3.174,4.4,2.8,1.8,0.0726,1580,1,1,7,0,0.0,51,5,3,False,100.0
Stephy Mavididi,Leicester,MID,Leicester (A) vs Tottenham,3.1152,5.1,2.6,3.6,0.09179999999999999,1270,1,3,2,0,0.0,54,1,4,False,
Jhon Durán,Aston Villa,FWD,Aston Villa (H) vs West Ham,3.1109999999999998,5.8,2.7,-0.2,0.30119999999999997,598,0,7,3,1,0.0,52,2,2,True,100.0
Ryan Gravenberch,Liverpool,MID,Liverpool (H) vs Ipswich,3.0444,5.0,2.5,2.6,0.049199999999999994,1828,2,0,4,0,0.0,52,8,2,True,
Sam Szmodics,Ipswich,MID,Ipswich (A) vs Liverpool,3.0312,5.7,2.9,2.0,0.2064,975,0,4,2,0,0.0,52,2,5,False,25.0
Joël Veltman,Brighton,DEF,Brighton (H) vs Everton,3.027,4.4,3.2,3.2,0.0078,1379,0,0,4,0,0.0,51,5,2,True,100.0
Darwin Núñez Ribeiro,Liverpool,FWD,Liverpool (H) vs Ipswich,3.0186,7.0,2.8,2.6,0.19679999999999997,774,2,4,6,0,0.0,44,2,2,True,100.0
Christian Nørgaard,Brentford,MID,Brentford (A) vs Crystal Palace,3.0126,4.8,2.6,3.2,0.13379999999999997,1559,2,2,4,1,0.0,49,2,2,False,100.0
Carlos Baleba,Brighton,MID,Brighton (H) vs Everton,2.9826,5.0,2.6,2.0,0.0732,1430,1,2,4,1,0.0,49,5,2,True,100.0
Andreas Hoelgebaum Pereira,Fulham,MID,Fulham (H) vs Man Utd,2.9783999999999997,5.0,2.6,1.8,0.18239999999999998,1243,3,2,6,0,0.0,50,4,3,True,100.0
Neco Williams,Nott'm Forest,DEF,Nott'm Forest (A) vs Bournemouth,2.9646,4.4,2.8,4.2,0.0618,1173,1,0,4,0,0.0,54,6,3,False,
Jordan Ayew,Leicester,MID,Leicester (A) vs Tottenham,2.9370000000000003,5.2,2.5,2.4,0.1896,1007,0,4,5,0,0.0,50,1,4,False,100.0
Mateus Gonçalo Espanha Fernandes,Southampton,MID,Southampton (H) vs Newcastle,2.9352,5.0,2.5,2.4,0.18059999999999998,1560,2,1,6,0,0.0,49,4,4,True,100.0
Ryan Christie,Bournemouth,MID,Bournemouth (H) vs Nott'm Forest,2.9232,4.9,2.5,2.4,0.0948,1581,2,1,8,0,0.0,52,7,3,True,100.0
Idrissa Gueye,Everton,MID,Everton (A) vs Brighton,2.907,4.8,2.5,3.4,0.0546,1576,2,0,4,0,0.0,49,6,2,False,100.0
Aaron Ramsdale,Southampton,GKP,Southampton (H) vs Newcastle,2.9063999999999997,4.4,3.1,2.0,0.0,1350,0,0,1,0,4.13,46,2,4,True,100.0
Arijanet Muric,Ipswich,GKP,Ipswich (A) vs Liverpool,2.8817999999999997,4.4,2.8,0.6,0.0,1530,0,0,1,0,4.0,48,1,5,False,100.0
José Malheiro de Sá,Wolves,GKP,Wolves (H) vs Arsenal,2.8697999999999997,4.3,2.7,3.6,0.0,1350,0,0,1,0,2.73,40,3,5,True,100.0
Noussair Mazraoui,Man Utd,DEF,Man Utd (A) vs Fulham,2.8638,4.4,2.4,1.2,0.0264,1683,1,0,1,0,0.0,53,4,3,False,100.0
Mario Lemina,Wolves,MID,Wolves (H) vs Arsenal,2.859,4.9,2.8,0.2,0.078,1363,3,1,4,0,0.0,47,1,5,True,100.0
Ezri Konsa Ngoyo,Aston Villa,DEF,Aston Villa (H) vs West Ham,2.856,4.4,2.4,2.6,0.0354,1721,0,1,0,0,0.0,47,2,2,True,100.0
Nick Pope,Newcastle,GKP,Newcastle (A) vs Southampton,2.8554000000000004,4.9,3.2,0.0,0.0,1350,0,0,2,0,3.6,48,3,2,False,25.0
Joshua Zirkzee,Man Utd,FWD,Man Utd (A) vs Fulham,2.8014,6.5,2.3,1.8,0.18539999999999998,817,2,3,1,0,0.0,50,3,3,False,
Sam Morsy,Ipswich,MID,Ipswich (A) vs Liverpool,2.7918,4.9,2.4,1.2,0.0186,1722,1,1,7,0,0.0,47,2,5,False,100.0
Levi Colwill,Chelsea,DEF,Chelsea (A) vs Man City,2.7894,4.6,2.4,1.2,0.0258,1800,1,0,5,0,0.0,47,4,5,False,75.0
Yankuba Minteh,Brighton,MID,Brighton (H) vs Everton,2.7834,5.0,2.8,3.0,0.1236,725,3,3,4,0,0.0,47,1,2,True,100.0
Rico Lewis,Man City,DEF,Man City (H) vs Chelsea,2.7581999999999995,4.5,2.5,2.2,0.066,1400,2,1,3,1,0.0,47,3,4,True,100.0
Tino Livramento,Newcastle,DEF,Newcastle (A) vs Southampton,2.6616,4.5,2.5,1.8,0.0024000000000000002,1489,0,0,0,0,0.0,52,5,2,False,100.0
Ederson Santana de Moraes,Man City,GKP,Man City (H) vs Chelsea,2.661,5.3,2.9,1.4,0.0,1260,1,0,3,0,2.36,41,3,4,True,100.0
Gonçalo Manuel Ganchinho Guedes,Wolves,MID,Wolves (H) vs Arsenal,2.6454,5.3,2.5,1.8,0.066,608,4,2,1,0,0.0,48,2,5,True,
Tyler Dibling,Southampton,MID,Southampton (H) vs Newcastle,2.6208,4.5,2.2,3.2,0.1272,1225,1,2,6,0,0.0,45,2,4,True,75.0
Ryan Yates,Nott'm Forest,MID,Nott'm Forest (A) vs Bournemouth,2.6016,4.9,2.1,1.0,0.1032,1406,1,1,6,0,0.0,45,5,3,False,100.0
Calvin Bassey,Fulham,DEF,Fulham (H) vs Man Utd,2.598,4.5,2.2,2.2,0.0408,1890,0,0,5,0,0.0,46,4,3,True,100.0
Rodrigo Muniz Carvalho,Fulham,FWD,Fulham (H) vs Man Utd,2.5884,5.5,2.1,2.2,0.1722,613,1,3,1,0,0.0,45,2,3,True,100.0
Joe Aribo,Southampton,MID,Southampton (H) vs Newcastle,2.5866,4.9,2.1,1.6,0.1362,1283,0,2,1,0,0.0,45,1,4,True,
Adam Armstrong,Southampton,FWD,Southampton (H) vs Newcastle,2.5595999999999997,5.1,2.3,2.0,0.1938,1187,3,2,4,0,0.0,44,2,4,True,
Amadou Onana,Aston Villa,MID,Aston Villa (H) vs West Ham,2.5026,4.8,2.5,1.2,0.11100000000000002,1033,0,2,4,0,0.0,40,2,2,True,100.0
Leif Davis,Ipswich,DEF,Ipswich (A) vs Liverpool,2.5014,4.4,2.1,1.2,0.0438,1980,2,1,5,0,0.0,47,2,5,False,
Matthijs de Ligt,Man Utd,DEF,Man Utd (A) vs Fulham,2.4989999999999997,4.9,2.3,0.8,0.09659999999999999,1480,0,1,3,0,0.0,46,3,3,False,100.0
Michael Keane,Everton,DEF,Everton (A) vs Brighton,2.4983999999999997,3.9,3.3,0.2,0.0258,812,0,2,4,0,0.0,33,2,2,False,100.0
Max Kilman,West Ham,DEF,West Ham (A) vs Aston Villa,2.4821999999999997,4.4,2.0,0.6,0.0864,1908,1,0,3,0,0.0,43,3,4,False,100.0
Rasmus Højlund,Man Utd,FWD,Man Utd (A) vs Fulham,2.4762,6.9,2.5,1.6,0.1326,1029,1,2,1,0,0.0,42,2,3,False,100.0
Manuel Akanji,Man City,DEF,Man City (H) vs Chelsea,2.4702,5.3,2.3,3.6,0.0324,1527,0,0,3,0,0.0,42,4,4,True,100.0
Pervis Estupiñán,Brighton,DEF,Brighton (H) vs Everton,2.4438,5.0,2.2,3.8,0.03,1415,1,0,3,0,0.0,39,2,2,True,100.0
Emerson Palmieri dos Santos,West Ham,DEF,West Ham (A) vs Aston Villa,2.4438,4.4,2.2,1.6,0.0702,1486,1,1,5,0,0.0,45,4,4,False,100.0
James Justin,Leicester,DEF,Leicester (A) vs Tottenham,2.4414,4.2,2.0,1.2,0.0738,1812,1,2,2,0,0.0,41,1,4,False,
Will Hughes,Crystal Palace,MID,Crystal Palace (H) vs Brentford,2.4372,4.9,2.2,2.2,0.045599999999999995,1236,3,0,7,0,0.0,42,5,2,True,100.0
Jarrad Branthwaite,Everton,DEF,Everton (A) vs Brighton,2.3934,4.8,2.9,1.0,0.0186,1086,0,0,3,0,0.0,40,5,2,False,100.0
Caoimhin Kelleher,Liverpool,GKP,Liverpool (H) vs Ipswich,2.3891999999999998,4.1,4.6,0.0,0.0,720,0,0,0,0,3.0,37,3,2,True,
Łukasz Fabiański,West Ham,GKP,West Ham (A) vs Aston Villa,2.382,4.1,2.8,1.0,0.0,1070,0,0,2,0,3.95,36,2,4,False,100.0
Mikel Merino,Arsenal,MID,Arsenal (A) vs Wolves,2.367,6.0,2.5,3.2,0.13440000000000002,753,1,2,2,0,0.0,38,2,2,False,100.0
Pape Matar Sarr,Spurs,MID,,2.3376,4.8,1.9,1.4,0.1272,1172,2,1,4,0,0.0,42,2,0,False,100.0
Lewis Dunk,Brighton,DEF,Brighton (H) vs Everton,2.3166,4.3,2.3,2.0,0.0414,1380,1,0,4,0,0.0,39,4,2,True,100.0
Matty Cash,Aston Villa,DEF,Aston Villa (H) vs West Ham,2.2871999999999995,4.4,2.4,2.6,0.0132,1168,1,1,5,0,0.0,36,2,2,True,100.0
Cameron Archer,Southampton,FWD,Southampton (H) vs Newcastle,2.2649999999999997,5.0,1.9,0.6,0.2628,1006,0,2,0,0,0.0,39,1,4,True,
Sandro Tonali,Newcastle,MID,Newcastle (A) vs Southampton,2.2644,5.5,1.9,2.6,0.1524,1277,1,0,4,0,0.0,38,6,2,False,100.0
Rúben Gato Alves Dias,Man City,DEF,Man City (H) vs Chelsea,2.2602,5.4,2.4,1.2,0.06720000000000001,1176,0,0,3,0,0.0,34,4,4,True,25.0
Nélson Cabral Semedo,Wolves,DEF,Wolves (H) vs Arsenal,2.2236000000000002,4.5,2.0,1.4,0.0348,1519,3,0,7,0,0.0,36,3,5,True,100.0
Pedro Lomba Neto,Chelsea,MID,Chelsea (A) vs Man City,2.2008,6.2,2.1,1.4,0.0546,1068,2,1,6,0,0.0,39,2,5,False,100.0
Matt Doherty,Wolves,DEF,Wolves (H) vs Arsenal,2.1858,4.3,2.3,3.0,0.0624,981,1,2,3,0,0.0,35,2,5,True,
Ilkay Gündogan,Man City,MID,Man City (H) vs Chelsea,2.178,6.4,1.9,1.2,0.093,1248,1,0,1,0,0.0,38,3,4,True,
Yves Bissouma,Spurs,MID,,2.1624,4.9,2.2,1.0,0.0222,962,0,2,5,0,0.0,38,2,0,False,75.0
Jan Bednarek,Southampton,DEF,Southampton (H) vs Newcastle,2.1612,4.0,2.0,2.2,0.0222,1602,0,1,4,0,0.0,36,2,4,True,100.0
Taylor Harwood-Bellis,Southampton,DEF,Southampton (H) vs Newcastle,2.1395999999999997,4.1,1.8,0.6,0.0792,1759,0,1,7,0,0.0,37,2,4,True,100.0
Kyle Walker-Peters,Southampton,DEF,Southampton (H) vs Newcastle,2.1,4.3,1.9,0.6,0.027600000000000003,1780,2,0,5,0,0.0,37,2,4,True,100.0
Jack Harrison,Everton,MID,Everton (A) vs Brighton,2.0688,5.2,1.9,0.8,0.1326,993,1,0,0,0,0.0,34,4,2,False,100.0
Harry Winks,Leicester,MID,Leicester (A) vs Tottenham,2.0460000000000003,4.4,2.0,2.0,0.0126,1277,2,0,3,0,0.0,34,0,4,False,100.0
Abdoulaye Doucouré,Everton,MID,Everton (A) vs Brighton,2.0412000000000003,5.1,2.2,1.6,0.0546,1514,0,0,2,0,0.0,41,7,2,False,100.0
Saša Lukić,Fulham,MID,Fulham (H) vs Man Utd,2.0316,4.8,1.9,3.0,0.0414,1332,2,0,9,0,0.0,33,3,3,True,100.0
Orel Mangala,Everton,MID,Everton (A) vs Brighton,2.0309999999999997,5.0,2.0,1.6,0.0666,1167,0,1,2,0,0.0,36,4,2,False,
Bilal El Khannouss,Leicester,MID,Leicester (A) vs Tottenham,2.013,4.8,2.2,1.8,0.023399999999999997,924,1,1,1,0,0.0,38,1,4,False,
Riccardo Calafiori,Arsenal,DEF,Arsenal (A) vs Wolves,2.0118,5.8,2.4,0.4,0.034199999999999994,704,1,1,3,0,0.0,26,1,2,False,75.0
Carlos Henrique Casimiro,Man Utd,MID,Man Utd (A) vs Fulham,2.004,4.7,2.3,0.6,0.063,833,0,1,1,0,0.0,32,3,3,False,100.0
Leon Bailey,Aston Villa,MID,Aston Villa (H) vs West Ham,1.9944,6.2,2.2,2.6,0.0756,919,2,1,2,0,0.0,40,1,2,True,100.0
Jean-Ricner Bellegarde,Wolves,MID,Wolves (H) vs Arsenal,1.9842,4.9,1.9,0.8,0.0402,838,2,1,3,0,0.0,37,2,5,True,
Yasin Ayari,Brighton,MID,Brighton (H) vs Everton,1.9746,5.0,1.8,1.8,0.0792,1190,0,0,3,0,0.0,34,5,2,True,100.0
Sepp van den Berg,Brentford,DEF,Brentford (A) vs Crystal Palace,1.9626000000000001,4.1,1.8,2.6,0.0426,1517,1,0,1,0,0.0,33,2,2,False,100.0
Christopher Nkunku,Chelsea,MID,Chelsea (A) vs Man City,1.9626000000000001,5.8,2.0,0.6,0.2544,388,1,2,1,0,0.0,36,0,5,False,
Crysencio Summerville,West Ham,MID,West Ham (A) vs Aston Villa,1.9439999999999997,5.6,1.7,0.8,0.09659999999999999,776,1,1,2,0,0.0,33,2,4,False,50.0
Mads Roerslev Rasmussen,Brentford,DEF,Brentford (A) vs Crystal Palace,1.92,4.3,1.9,3.4,0.0102,1010,2,0,2,0,0.0,34,2,2,False,100.0
Flynn Downes,Southampton,MID,Southampton (H) vs Newcastle,1.9068,4.7,1.8,0.4,0.0372,1431,0,1,9,0,0.0,32,2,4,True,100.0
Joachim Andersen,Fulham,DEF,Fulham (H) vs Man Utd,1.9061999999999997,4.2,2.1,1.8,0.015,1233,0,0,3,1,0.0,29,3,3,True,100.0
Tosin Adarabioyo,Chelsea,DEF,Chelsea (A) vs Man City,1.902,4.2,2.7,2.0,0.033,730,0,1,2,0,0.0,30,2,5,False,
Malo Gusto,Chelsea,DEF,Chelsea (A) vs Man City,1.8546,4.9,1.7,0.8,0.0738,1251,1,0,3,0,0.0,30,1,5,False,100.0
Carlos Soler,West Ham,MID,West Ham (A) vs Aston Villa,1.8204,5.0,1.8,2.6,0.0678,835,1,1,5,0,0.0,30,2,4,False,100.0
Simon Adingra,Brighton,MID,Brighton (H) vs Everton,1.8168,5.2,2.3,2.4,0.08399999999999999,545,1,2,0,0,0.0,34,1,2,True,100.0
Jack Hinshelwood,Brighton,MID,Brighton (H) vs Everton,1.8066,4.9,2.8,0.0,0.0444,839,0,1,2,0,0.0,28,3,2,True,50.0
Stefan Ortega Moreno,Man City,GKP,Man City (H) vs Chelsea,1.8,5.2,3.1,2.6,0.0,720,0,0,1,0,3.0,25,2,4,True,
Jacob Ramsey,Aston Villa,MID,Aston Villa (H) vs West Ham,1.7916,5.4,2.1,1.6,0.0606,881,2,0,1,0,0.0,30,1,2,True,100.0
Santiago Bueno,Wolves,DEF,Wolves (H) vs Arsenal,1.7675999999999998,4.3,1.9,2.0,0.027000000000000003,1240,0,0,0,0,0.0,28,3,5,True,100.0
Sander Berge,Fulham,MID,Fulham (H) vs Man Utd,1.7573999999999999,5.0,1.9,0.6,0.0048000000000000004,1046,0,0,2,0,0.0,29,3,3,True,100.0
Konstantinos Mavropanos,West Ham,DEF,West Ham (A) vs Aston Villa,1.7447999999999997,4.3,1.5,1.4,0.0558,1384,0,0,2,1,0.0,29,2,4,False,100.0
Kobbie Mainoo,Man Utd,MID,Man Utd (A) vs Fulham,1.7424,5.2,1.8,1.6,0.034199999999999994,1204,0,0,5,0,0.0,29,5,3,False,100.0
Danny Ings,West Ham,FWD,West Ham (A) vs Aston Villa,1.734,5.0,2.4,1.2,0.1248,236,3,1,0,0,0.0,29,0,4,False,100.0
Sugawara Yukinari,Southampton,DEF,Southampton (H) vs Newcastle,1.7226,4.3,1.8,0.4,0.0222,1121,1,1,3,0,0.0,35,2,4,True,100.0
Jack Grealish,Man City,MID,Man City (H) vs Chelsea,1.722,6.4,1.7,0.4,0.046799999999999994,599,1,0,3,0,0.0,25,1,4,True,100.0
Jesper Lindstrøm,Everton,MID,Everton (A) vs Brighton,1.7184000000000001,5.0,1.6,1.4,0.1068,729,0,0,0,0,0.0,27,4,2,False,
Álex Moreno Lopera,Nott'm Forest,DEF,Nott'm Forest (A) vs Bournemouth,1.7172,4.3,2.6,0.2,0.0102,788,1,0,2,0,0.0,31,3,3,False,100.0
David Brooks,Bournemouth,MID,Bournemouth (H) vs Nott'm Forest,1.7093999999999998,4.9,2.1,2.4,0.09419999999999999,417,1,2,3,0,0.0,31,0,3,True,100.0
Wout Faes,Leicester,DEF,Leicester (A) vs Tottenham,1.7033999999999998,4.0,1.5,0.4,0.05639999999999999,1462,0,1,3,0,0.0,28,1,4,False,100.0
Dara O'Shea,Ipswich,DEF,Ipswich (A) vs Liverpool,1.6914000000000002,4.0,1.5,1.4,0.0498,1682,0,0,5,0,0.0,28,2,5,False,100.0
Matheus Luiz Nunes,Man City,MID,Man City (H) vs Chelsea,1.653,4.9,2.3,0.8,0.0102,707,3,0,2,0,0.0,32,2,4,True,100.0
Nicolás Domínguez,Nott'm Forest,MID,Nott'm Forest (A) vs Bournemouth,1.6494,4.8,1.3,1.2,0.0732,1046,0,0,6,0,0.0,25,3,3,False,100.0
Jack Clarke,Ipswich,MID,Ipswich (A) vs Liverpool,1.6434000000000002,5.4,1.6,1.0,0.0498,592,2,0,1,0,0.0,28,0,5,False,
Wes Burns,Ipswich,MID,Ipswich (A) vs Liverpool,1.6331999999999998,4.8,1.7,1.2,0.03,894,1,0,1,0,0.0,29,1,5,False,100.0
Mats Wieffer,Brighton,MID,Brighton (H) vs Everton,1.6116,4.7,2.2,0.0,0.03,464,2,1,2,0,0.0,28,1,2,True,50.0
Hwang Hee-chan,Wolves,MID,Wolves (H) vs Arsenal,1.6038000000000001,6.1,1.9,3.2,0.0462,540,0,2,0,0,0.0,28,0,5,True,100.0
Fábio Freitas Gouveia Carvalho,Brentford,MID,Brentford (A) vs Crystal Palace,1.6001999999999998,4.6,1.7,0.0,0.1272,418,1,1,1,0,0.0,27,0,2,False,100.0
Chris Richards,Crystal Palace,DEF,Crystal Palace (H) vs Brentford,1.5996,4.4,2.5,3.2,0.0126,803,0,0,1,0,0.0,27,3,2,True,100.0
Jens Cajuste,Ipswich,MID,Ipswich (A) vs Liverpool,1.5912,4.5,1.8,2.2,0.0078,967,0,0,2,0,0.0,28,1,5,False,100.0
João Félix Sequeira,Chelsea,MID,Chelsea (A) vs Man City,1.5839999999999999,6.0,2.0,1.2,0.13799999999999998,362,2,1,2,0,0.0,24,1,5,False,
João Pedro Ferreira Silva,Nott'm Forest,MID,Nott'm Forest (A) vs Bournemouth,1.5647999999999997,5.9,1.3,1.0,0.0534,611,2,0,3,0,0.0,28,1,3,False,100.0
Eddie Nketiah,Crystal Palace,FWD,Crystal Palace (H) vs Brentford,1.5366,5.9,1.6,1.2,0.1008,601,2,0,3,0,0.0,25,1,2,True,100.0
Guido Rodríguez,West Ham,MID,West Ham (A) vs Aston Villa,1.5312,4.8,1.5,1.0,0.0132,1014,0,0,5,0,0.0,27,3,4,False,100.0
Issa Diop,Fulham,DEF,Fulham (H) vs Man Utd,1.4964,4.4,1.6,1.0,0.0306,1066,0,0,2,0,0.0,25,1,3,True,
Jacob Greaves,Ipswich,DEF,Ipswich (A) vs Liverpool,1.4964,3.9,1.8,2.0,0.0258,1080,0,0,2,0,0.0,22,2,5,False,100.0
Victor Kristiansen,Leicester,DEF,Leicester (A) vs Tottenham,1.4891999999999999,4.5,1.3,0.8,0.0048000000000000004,1667,1,0,1,0,0.0,25,1,4,False,100.0
Nathan Aké,Man City,DEF,Man City (H) vs Chelsea,1.4831999999999999,5.3,2.7,3.0,0.0132,601,0,0,0,0,0.0,24,3,4,True,100.0
Daichi Kamada,Crystal Palace,MID,Crystal Palace (H) vs Brentford,1.4808,5.1,1.3,1.4,0.041999999999999996,857,0,0,2,1,0.0,24,2,2,True,100.0
Sean Longstaff,Newcastle,MID,Newcastle (A) vs Southampton,1.4777999999999998,4.6,1.5,0.2,0.036,711,1,0,2,0,0.0,26,2,2,False,
Timothy Castagne,Fulham,DEF,Fulham (H) vs Man Utd,1.4742,4.2,2.1,2.6,0.0072,718,1,0,1,0,0.0,25,2,3,True,100.0
Rodrigo Martins Gomes,Wolves,MID,Wolves (H) vs Arsenal,1.4706,5.2,1.7,1.4,0.0222,540,0,1,0,0,0.0,26,1,5,True,
Radu Drăgușin,Spurs,DEF,,1.4706,4.3,1.5,0.6,0.006,1160,0,0,1,0,0.0,23,2,0,False,100.0
Boubacar Kamara,Aston Villa,MID,Aston Villa (H) vs West Ham,1.4531999999999998,5.0,1.8,2.0,0.0078,853,0,0,2,0,0.0,23,2,2,True,100.0
André Trindade da Costa Neto,Wolves,MID,Wolves (H) vs Arsenal,1.4477999999999998,5.0,1.6,1.6,0.004200000000000001,1135,0,0,3,0,0.0,28,2,5,True,100.0
Christian Eriksen,Man Utd,MID,Man Utd (A) vs Fulham,1.4388,5.3,1.9,1.4,0.0072,629,1,0,2,0,0.0,23,3,3,False,100.0
Bobby De Cordova-Reid,Leicester,MID,Leicester (A) vs Tottenham,1.4376,5.2,2.1,0.4,0.0432,272,2,1,0,0,0.0,29,0,4,False,100.0
Felipe Rodrigues da Silva,Nott'm Forest,DEF,Nott'm Forest (A) vs Bournemouth,1.4346,4.5,1.8,2.4,0.0,409,0,0,0,0,0.0,27,2,3,False,
Tyler Adams,Bournemouth,MID,Bournemouth (H) vs Nott'm Forest,1.4339999999999997,4.9,1.8,1.6,0.0474,681,1,0,4,0,0.0,21,2,3,True,100.0
Matt O'Riley,Brighton,MID,Brighton (H) vs Everton,1.4232,5.5,2.4,2.2,0.0636,411,1,1,1,0,0.0,22,2,2,True,100.0
Mathias Jensen,Brentford,MID,Brentford (A) vs Crystal Palace,1.4136,5.3,2.0,1.4,0.0126,638,1,0,1,0,0.0,24,2,2,False,100.0
Martin Dúbravka,Newcastle,GKP,Newcastle (A) vs Southampton,1.3998,4.3,5.6,5.4,0.0,630,0,0,0,0,2.86,39,5,2,False,100.0
Konstantinos Tsimikas,Liverpool,DEF,Liverpool (H) vs Ipswich,1.3889999999999998,4.6,2.4,2.2,0.0048000000000000004,337,1,0,1,0,0.0,24,2,2,True,100.0
Joe Willock,Newcastle,MID,Newcastle (A) vs Southampton,1.38,4.7,1.4,1.0,0.0516,572,1,0,2,0,0.0,27,3,2,False,100.0
Pablo Sarabia,Wolves,MID,Wolves (H) vs Arsenal,1.38,5.0,1.9,0.8,0.10800000000000001,271,0,1,1,0,0.0,14,0,5,True,100.0
Kieran Trippier,Newcastle,DEF,Newcastle (A) vs Southampton,1.3721999999999999,5.6,1.8,1.4,0.0018,506,0,0,1,0,0.0,24,2,2,False,100.0
Fraser Forster,Spurs,GKP,,1.365,4.3,2.7,0.6,0.0,630,0,0,0,0,4.14,19,1,0,False,
Tyrone Mings,Aston Villa,DEF,Aston Villa (H) vs West Ham,1.3614000000000002,4.4,3.0,2.6,0.0126,430,0,0,1,0,0.0,15,1,2,True,100.0
Archie Gray,Spurs,MID,,1.299,4.6,1.5,1.6,0.0018,783,0,0,0,0,0.0,22,1,0,False,100.0
Jean-Clair Todibo,West Ham,DEF,West Ham (A) vs Aston Villa,1.2738,4.2,1.6,1.4,0.006,863,0,0,0,0,0.0,24,2,4,False,25.0
Edson Álvarez Velázquez,West Ham,MID,West Ham (A) vs Aston Villa,1.2672,5.0,1.2,1.4,0.0126,1140,0,0,5,1,0.0,21,1,4,False,100.0
Tariq Lamptey,Brighton,DEF,Brighton (H) vs Everton,1.26,4.4,3.1,1.6,0.015,353,2,2,0,0,0.0,25,0,2,True,100.0
John Stones,Man City,DEF,Man City (H) vs Chelsea,1.257,5.3,2.6,0.0,0.036,328,0,2,1,0,0.0,21,0,4,True,25.0
Cameron Burgess,Ipswich,DEF,Ipswich (A) vs Liverpool,1.233,3.9,1.4,-0.2,0.0432,900,1,0,0,0,0.0,14,0,5,False,
Yehor Yarmoliuk,Brentford,MID,Brentford (A) vs Crystal Palace,1.221,4.4,1.2,1.2,0.0324,607,0,0,2,0,0.0,21,0,2,False,
Alphonse Areola,West Ham,GKP,West Ham (A) vs Aston Villa,1.2107999999999999,4.2,1.7,0.8,0.0,909,0,0,0,0,3.37,19,1,4,False,25.0
Tommy Doyle,Wolves,MID,Wolves (H) vs Arsenal,1.1808,4.8,1.2,0.6,0.0288,431,1,0,1,0,0.0,21,0,5,True,
Craig Dawson,Wolves,DEF,Wolves (H) vs Arsenal,1.176,4.3,1.1,0.4,0.03,969,1,0,2,0,0.0,17,1,5,True,100.0
Roméo Lavia,Chelsea,MID,Chelsea (A) vs Man City,1.1627999999999998,4.5,1.5,0.0,0.0108,530,1,0,4,0,0.0,15,1,5,False,75.0
Reece James,Chelsea,DEF,Chelsea (A) vs Man City,1.1585999999999999,4.8,3.0,2.6,0.008400000000000001,350,1,1,0,0,0.0,18,0,5,False,100.0
Ramón Sosa,Nott'm Forest,MID,Nott'm Forest (A) vs Bournemouth,1.1538,5.5,1.5,1.0,0.0612,218,0,1,0,0,0.0,20,1,3,False,
Jack Taylor,Ipswich,MID,Ipswich (A) vs Liverpool,1.1489999999999998,4.8,1.2,1.0,0.033,391,0,1,3,0,0.0,21,0,5,False,100.0
Boubakary Soumaré,Leicester,MID,Leicester (A) vs Tottenham,1.1316,4.4,1.2,1.6,0.011399999999999999,1011,0,0,8,0,0.0,18,0,4,False,100.0
Tom Cairney,Fulham,MID,Fulham (H) vs Man Utd,1.1274,4.8,1.2,1.2,0.009,377,0,1,2,1,0.0,19,1,3,True,100.0
George Hirst,Ipswich,FWD,Ipswich (A) vs Liverpool,1.1268,5.4,1.9,0.4,0.0462,197,1,1,1,0,0.0,19,0,5,False,100.0
Paul Onuachu,Southampton,FWD,Southampton (H) vs Newcastle,1.1243999999999998,4.9,1.4,2.2,0.0756,358,0,1,1,0,0.0,17,0,4,True,100.0
Adam Lallana,Southampton,MID,Southampton (H) vs Newcastle,1.1219999999999999,5.0,1.3,0.6,0.009,322,2,0,4,0,0.0,14,0,4,True,100.0
Manuel Ugarte,Man Utd,MID,Man Utd (A) vs Fulham,1.0884,4.9,1.1,0.6,0.0186,912,0,0,6,0,0.0,18,1,3,False,100.0
Caleb Okoli,Leicester,DEF,Leicester (A) vs Tottenham,1.0746,4.0,1.3,0.6,0.008400000000000001,799,0,0,2,0,0.0,17,1,4,False,100.0
Justin Devenny,Crystal Palace,MID,Crystal Palace (H) vs Brentford,1.0715999999999999,4.5,1.8,0.6,0.027600000000000003,261,0,1,0,0,0.0,18,0,2,True,
Taiwo Awoniyi,Nott'm Forest,FWD,Nott'm Forest (A) vs Bournemouth,1.0674,5.5,1.3,1.8,0.1008,226,0,1,0,0,0.0,22,0,3,False,
Mark Travers,Bournemouth,GKP,Bournemouth (H) vs Nott'm Forest,1.0632,4.4,3.8,1.8,0.0,450,0,0,0,0,4.0,19,1,3,True,
Evan Ferguson,Brighton,FWD,Brighton (H) vs Everton,1.0535999999999999,5.5,1.6,0.0,0.034199999999999994,217,0,1,0,0,0.0,19,1,2,True,50.0
Cheick Doucouré,Crystal Palace,MID,Crystal Palace (H) vs Brentford,1.0482,4.9,1.5,1.4,0.024,443,1,0,1,0,0.0,19,1,2,True,100.0
Oliver Skipp,Leicester,MID,Leicester (A) vs Tottenham,1.0302000000000002,4.7,1.2,0.6,0.0078,753,0,0,4,0,0.0,17,1,4,False,
Lesley Ugochukwu,Southampton,MID,Southampton (H) vs Newcastle,1.029,4.4,1.3,2.0,0.0186,583,1,0,3,0,0.0,16,0,4,True,100.0
Kasey McAteer,Leicester,MID,Leicester (A) vs Tottenham,1.0284,4.7,1.6,0.2,0.033,380,1,0,1,0,0.0,18,1,4,False,100.0
Harry Maguire,Man Utd,DEF,Man Utd (A) vs Fulham,1.0211999999999999,4.9,1.1,0.6,0.0294,904,0,0,6,0,0.0,16,1,3,False,100.0
Lucas Bergvall,Spurs,MID,,1.0206000000000002,4.4,1.1,1.2,0.0072,462,0,0,3,0,0.0,17,1,0,False,100.0
Norberto Bercique Gomes Betuncal,Everton,FWD,Everton (A) vs Brighton,1.0146,4.9,1.5,0.6,0.09899999999999999,227,0,1,1,0,0.0,19,0,2,False,
Jonny Evans,Man Utd,DEF,Man Utd (A) vs Fulham,1.0139999999999998,4.4,2.3,0.0,0.0048000000000000004,288,0,0,1,0,0.0,14,1,3,False,25.0
Axel Disasi,Chelsea,DEF,Chelsea (A) vs Man City,1.0086,4.2,3.7,0.4,0.0174,363,0,1,1,0,0.0,22,2,5,False,
Patson Daka,Leicester,FWD,Leicester (A) vs Tottenham,1.0026,4.8,1.7,1.2,0.027600000000000003,253,0,1,0,0,0.0,17,0,4,False,100.0
Ian Maatsen,Aston Villa,DEF,Aston Villa (H) vs West Ham,0.9719999999999999,4.5,1.1,1.0,0.0078,348,1,0,2,0,0.0,17,0,2,True,100.0
James Ward-Prowse,Nott'm Forest,MID,Nott'm Forest (A) vs Bournemouth,0.9683999999999999,6.2,1.5,1.2,0.0036,412,1,0,0,1,0.0,15,1,3,False,100.0
Nathan Wood-Gordon,Southampton,DEF,Southampton (H) vs Newcastle,0.9384,4.0,1.6,0.6,0.013800000000000002,577,0,0,2,0,0.0,13,1,4,True,
Christian Walton,Ipswich,GKP,Ipswich (A) vs Liverpool,0.9059999999999999,4.3,2.8,2.4,0.0,450,0,0,0,0,3.0,14,1,5,False,
Sam Johnstone,Wolves,GKP,Wolves (H) vs Arsenal,0.9006000000000001,4.2,1.7,0.0,0.0,630,0,0,0,0,3.29,12,0,5,True,100.0
Ryan Manning,Southampton,DEF,Southampton (H) vs Newcastle,0.8976000000000001,4.3,1.2,0.6,0.008400000000000001,701,1,0,1,0,0.0,15,0,4,True,
Djed Spence,Spurs,DEF,,0.8718,4.4,1.3,0.4,0.0078,590,1,0,1,1,0.0,13,1,0,False,100.0
Richarlison de Andrade,Spurs,FWD,,0.8634000000000001,6.8,1.9,1.2,0.0348,144,1,1,1,0,0.0,13,0,0,False,100.0
Julio Enciso,Brighton,MID,Brighton (H) vs Everton,0.8568,5.4,1.2,1.0,0.0636,286,0,0,0,0,0.0,14,1,2,True,100.0
Luke Woolfenden,Ipswich,DEF,Ipswich (A) vs Liverpool,0.8436,4.0,1.4,1.8,0.0018,737,0,0,2,0,0.0,13,1,5,False,
Kyle Walker,Man City,DEF,Man City (H) vs Chelsea,0.8417999999999999,5.1,0.9,0.2,0.0072,966,0,0,3,0,0.0,13,0,4,True,100.0
Ben Davies,Spurs,DEF,,0.8400000000000001,4.3,2.2,0.2,0.0,360,0,0,1,0,0.0,11,1,0,False,75.0
Brajan Gruda,Brighton,MID,Brighton (H) vs Everton,0.8357999999999999,5.4,1.3,1.0,0.0162,317,0,0,0,0,0.0,13,1,2,True,100.0
Jannik Vestergaard,Leicester,DEF,Leicester (A) vs Tottenham,0.8309999999999998,3.9,0.6,0.8,0.0024000000000000002,1110,0,0,5,0,0.0,9,0,4,False,100.0
Oleksandr Zinchenko,Arsenal,DEF,Arsenal (A) vs Wolves,0.828,4.8,2.1,0.4,0.0036,238,0,0,1,0,0.0,17,2,2,False,100.0
Myles Lewis-Skelly,Arsenal,MID,Arsenal (A) vs Wolves,0.8160000000000001,4.5,1.5,1.4,0.0,418,0,0,2,0,0.0,12,2,2,False,100.0
Nathaniel Clyne,Crystal Palace,DEF,Crystal Palace (H) vs Brentford,0.7992,4.3,1.5,0.4,0.0006000000000000001,390,0,0,1,0,0.0,15,1,2,True,
Jorge Luiz Frello Filho,Arsenal,MID,Arsenal (A) vs Wolves,0.729,4.7,1.3,0.6,0.0024000000000000002,456,0,0,3,0,0.0,13,1,2,False,100.0
Ben Brereton Díaz,Southampton,MID,Southampton (H) vs Newcastle,0.7205999999999999,4.8,1.3,0.0,0.054000000000000006,446,0,0,1,0,0.0,13,0,4,True,
Vladimír Coufal,West Ham,DEF,West Ham (A) vs Aston Villa,0.7158,4.2,1.0,-0.2,0.0162,568,0,0,2,0,0.0,13,1,4,False,
Jakub Kiwior,Arsenal,DEF,Arsenal (A) vs Wolves,0.7073999999999999,4.8,1.6,0.0,0.0,323,0,0,0,0,0.0,13,1,2,False,
Ben Johnson,Ipswich,DEF,Ipswich (A) vs Liverpool,0.7068,3.9,1.0,0.6,0.024,761,1,0,2,0,0.0,13,0,5,False,100.0
Conor Bradley,Liverpool,DEF,Liverpool (H) vs Ipswich,0.6990000000000001,4.7,1.5,0.2,0.027600000000000003,235,0,0,1,0,0.0,12,1,2,True,100.0
Lloyd Kelly,Newcastle,DEF,Newcastle (A) vs Southampton,0.6948,4.2,1.2,0.2,0.0216,296,1,0,2,0,0.0,11,0,2,False,
Kamaldeen Sulemana,Southampton,MID,Southampton (H) vs Newcastle,0.6882,5.0,1.1,1.2,0.0204,278,0,0,0,0,0.0,12,0,4,True,100.0
Alex McCarthy,Southampton,GKP,Southampton (H) vs Newcastle,0.678,4.3,2.5,0.0,0.0,360,0,0,0,0,4.75,10,0,4,True,
Raheem Sterling,Arsenal,MID,Arsenal (A) vs Wolves,0.6642,6.7,1.4,0.4,0.0528,212,1,0,1,0,0.0,11,0,2,False,100.0
Leny Yoro,Man Utd,DEF,Man Utd (A) vs Fulham,0.6642,4.3,0.9,1.0,0.0396,418,0,0,2,0,0.0,8,0,3,False,100.0
James Hill,Bournemouth,DEF,Bournemouth (H) vs Nott'm Forest,0.663,3.9,2.6,2.2,0.0006000000000000001,176,1,0,0,0,0.0,13,1,3,True,25.0
Mikey Moore,Spurs,MID,,0.6456,4.5,2.4,1.4,0.009600000000000001,99,2,0,0,0,0.0,12,0,0,False,100.0
James McAtee,Man City,MID,Man City (H) vs Chelsea,0.6359999999999999,4.6,1.8,1.8,0.0474,66,0,1,0,0,0.0,11,0,4,True,
Nathan Broadhead,Ipswich,MID,Ipswich (A) vs Liverpool,0.6288,4.9,1.4,1.4,0.041999999999999996,302,0,0,1,0,0.0,10,1,5,False,100.0
James Garner,Everton,MID,Everton (A) vs Brighton,0.6162,4.9,1.8,0.0,0.003,251,0,0,1,0,0.0,7,1,2,False,75.0
Jakub Stolarczyk,Leicester,GKP,Leicester (A) vs Tottenham,0.6102,4.0,1.6,1.6,0.0,450,0,0,0,0,2.4,8,0,4,False,100.0
Joe Lumley,Southampton,GKP,Southampton (H) vs Newcastle,0.5976,4.0,2.7,0.0,0.0,270,0,0,0,0,4.33,8,0,4,True,
Harvey Elliott,Liverpool,MID,Liverpool (H) vs Ipswich,0.5904,5.2,1.4,1.4,0.0024000000000000002,53,1,0,0,0,0.0,11,0,2,True,100.0
Jeffrey Schlupp,Crystal Palace,MID,Crystal Palace (H) vs Brentford,0.5856,4.6,1.0,0.2,0.0102,95,0,0,0,0,0.0,12,0,2,True,
Will Smallbone,Southampton,MID,Southampton (H) vs Newcastle,0.5621999999999999,5.0,1.3,0.4,0.0186,271,0,0,0,0,0.0,8,0,4,True,100.0
Jaden Philogene,Ipswich,MID,Ipswich (A) vs Liverpool,0.5573999999999999,5.3,0.8,0.2,0.027600000000000003,351,0,0,2,1,0.0,10,1,5,False,100.0
Emil Krafth,Newcastle,DEF,Newcastle (A) vs Southampton,0.5478000000000001,4.3,3.3,0.0,0.0024000000000000002,240,0,0,0,0,0.0,10,1,2,False,100.0
Josh King,Fulham,MID,Fulham (H) vs Man Utd,0.5316,4.5,1.4,0.6,0.012,78,0,0,0,0,0.0,7,1,3,True,
Jason Steele,Brighton,GKP,Brighton (H) vs Everton,0.5309999999999999,4.1,4.5,0.0,0.0,180,0,0,0,0,1.5,9,1,2,True,
Emiliano Buendía Stati,Aston Villa,MID,Aston Villa (H) vs West Ham,0.5286000000000001,5.1,0.9,0.6,0.0378,71,0,0,1,0,0.0,10,0,2,True,
Sven Botman,Newcastle,DEF,Newcastle (A) vs Southampton,0.5256,4.4,2.3,1.4,0.0018,225,0,0,1,0,0.0,7,1,2,False,100.0
Filip Jørgensen,Chelsea,GKP,Chelsea (A) vs Man City,0.4998,4.2,2.5,0.4,0.0,180,0,0,0,0,3.5,5,0,5,False,100.0
Carlos Roberto Forbs Borges,Wolves,MID,Wolves (H) vs Arsenal,0.4967999999999999,5.5,0.9,0.4,0.009,235,0,0,2,0,0.0,8,0,5,True,
Antonín Kinsky,Spurs,GKP,,0.49260000000000004,4.5,2.0,2.0,0.0,180,0,0,0,0,3.5,4,0,0,False,
Mason Mount,Man Utd,MID,Man Utd (A) vs Fulham,0.489,6.3,1.0,0.0,0.024,243,0,0,2,0,0.0,8,1,3,False,25.0
Conor Coady,Leicester,DEF,Leicester (A) vs Tottenham,0.4866,4.0,0.8,0.6,0.0,712,0,0,1,0,0.0,7,0,4,False,100.0
Adam Webster,Brighton,DEF,Brighton (H) vs Everton,0.4848,4.3,1.6,1.4,0.0012000000000000001,164,0,0,0,0,0.0,8,1,2,True,100.0
James Bree,Southampton,DEF,Southampton (H) vs Newcastle,0.47939999999999994,3.9,0.9,1.0,0.0024000000000000002,484,0,0,0,0,0.0,8,0,4,True,100.0
Antony Matheus dos Santos,Man Utd,MID,Man Utd (A) vs Fulham,0.47759999999999997,5.7,1.0,0.8,0.036,135,0,0,0,0,0.0,8,0,3,False,100.0
Norberto Murara Neto,Arsenal,GKP,Arsenal (A) vs Wolves,0.4716,4.1,3.5,0.0,0.0,180,0,0,0,0,5.5,7,0,2,False,100.0
Miguel Almirón Rejala,Newcastle,MID,Newcastle (A) vs Southampton,0.471,5.4,1.1,0.2,0.028199999999999996,148,0,0,0,0,0.0,9,0,2,False,
Ryan Fraser,Southampton,MID,Southampton (H) vs Newcastle,0.4668,4.8,0.9,0.0,0.0012000000000000001,301,0,0,0,1,0.0,6,0,4,True,100.0
Ben Mee,Brentford,DEF,Brentford (A) vs Crystal Palace,0.4356,4.2,1.4,1.0,0.0,174,0,0,2,0,0.0,7,1,2,False,100.0
Odsonne Edouard,Leicester,FWD,Leicester (A) vs Tottenham,0.4074,5.1,1.2,0.0,0.023399999999999997,141,0,0,0,0,0.0,7,0,4,False,100.0
Renato Palma Veiga,Chelsea,MID,Chelsea (A) vs Man City,0.3984,4.4,1.0,0.0,0.009600000000000001,176,0,0,2,0,0.0,7,1,5,False,
Endo Wataru,Liverpool,MID,Liverpool (H) vs Ipswich,0.39299999999999996,4.6,1.0,0.4,0.0,56,0,0,0,0,0.0,8,0,2,True,
William Osula,Newcastle,FWD,Newcastle (A) vs Southampton,0.39119999999999994,4.9,1.0,0.6,0.0,41,0,0,0,0,0.0,8,0,2,False,
Ali Al-Hamadi,Ipswich,FWD,Ipswich (A) vs Liverpool,0.3828,4.8,0.7,0.6,0.020999999999999998,125,0,0,3,0,0.0,8,0,5,False,100.0
Massimo Luongo,Ipswich,MID,Ipswich (A) vs Liverpool,0.37439999999999996,4.4,1.3,0.2,0.0,169,0,0,0,0,0.0,8,0,5,False,100.0
Andy Irving,West Ham,MID,West Ham (A) vs Aston Villa,0.3606,4.8,0.9,0.4,0.0024000000000000002,83,0,0,1,0,0.0,6,0,4,False,
Lamare Bogarde,Aston Villa,DEF,Aston Villa (H) vs West Ham,0.36,4.0,0.8,0.2,0.0024000000000000002,266,0,0,1,0,0.0,3,0,2,True,
Aaron Cresswell,West Ham,DEF,West Ham (A) vs Aston Villa,0.3444,3.9,0.9,0.6,0.0018,114,0,0,1,0,0.0,7,0,4,False,100.0
Charlie Taylor,Southampton,DEF,Southampton (H) vs Newcastle,0.3324,3.9,0.7,-0.2,0.0,263,0,0,1,0,0.0,5,0,4,True,
Nathan Patterson,Everton,DEF,Everton (A) vs Brighton,0.30839999999999995,4.4,1.0,0.8,0.004200000000000001,94,0,0,0,0,0.0,5,0,2,False,100.0
Luis Guilherme Lira dos Santos,West Ham,MID,West Ham (A) vs Aston Villa,0.30779999999999996,4.6,1.0,0.6,0.0018,45,0,0,0,0,0.0,5,0,4,False,
Kosta Nedeljković,Aston Villa,DEF,Aston Villa (H) vs West Ham,0.3024,3.9,1.0,0.2,0.0,114,0,0,0,0,0.0,4,0,2,True,
Harrison Reed,Fulham,MID,Fulham (H) vs Man Utd,0.2952,4.7,0.8,0.0,0.0006000000000000001,54,0,0,2,0,0.0,6,0,3,True,100.0
Josh Acheampong,Chelsea,DEF,Chelsea (A) vs Man City,0.2952,4.0,1.5,0.6,0.0132,160,0,0,0,0,0.0,3,0,5,False,
Jarell Quansah,Liverpool,DEF,Liverpool (H) vs Ipswich,0.291,3.9,0.8,0.2,0.0,225,0,0,1,0,0.0,4,0,2,True,100.0
Paris Maghoma,Brentford,MID,Brentford (A) vs Crystal Palace,0.2706,4.5,1.0,0.4,0.0,74,0,0,0,0,0.0,5,0,2,False,
Jake O'Brien,Everton,DEF,Everton (A) vs Brighton,0.2682,4.5,1.0,0.6,0.0,128,0,0,1,0,0.0,4,0,2,False,
Hamza Choudhury,Leicester,MID,Leicester (A) vs Tottenham,0.2502,4.3,1.0,0.2,0.0,129,0,0,0,0,0.0,4,0,4,False,100.0
Jorge Cuenca Barreno,Fulham,DEF,Fulham (H) vs Man Utd,0.24779999999999996,4.4,1.0,0.0,0.0,93,0,0,0,0,0.0,4,0,3,True,100.0
Willy Boly,Nott'm Forest,DEF,Nott'm Forest (A) vs Bournemouth,0.23220000000000002,4.2,1.0,0.0,0.004200000000000001,113,0,0,1,0,0.0,4,0,3,False,100.0
Chadi Riad Dnanou,Crystal Palace,DEF,Crystal Palace (H) vs Brentford,0.2292,4.3,1.0,0.0,0.0,90,0,0,0,0,0.0,1,0,2,True,100.0
Ollie Scarles,West Ham,DEF,West Ham (A) vs Aston Villa,0.22679999999999997,4.0,1.0,0.4,0.0,77,0,0,0,0,0.0,4,0,4,False,
Yunus Emre Konak,Brentford,MID,Brentford (A) vs Crystal Palace,0.22200000000000003,4.4,1.0,0.0,0.009,19,0,0,0,0,0.0,5,0,2,False,
Victor Lindelöf,Man Utd,DEF,Man Utd (A) vs Fulham,0.22139999999999999,4.3,0.8,0.0,0.0,59,0,0,1,0,0.0,4,0,3,False,25.0
Toby Collyer,Man Utd,MID,Man Utd (A) vs Fulham,0.2172,4.5,1.0,0.4,0.0,107,0,0,0,0,0.0,3,0,3,False,
Maxwel Cornet,Southampton,MID,Southampton (H) vs Newcastle,0.21600000000000003,4.7,0.5,0.0,0.009600000000000001,71,0,0,1,0,0.0,1,0,4,True,100.0
Jakub Moder,Brighton,MID,Brighton (H) vs Everton,0.21480000000000002,4.4,1.0,0.4,0.0,9,0,0,0,0,0.0,4,0,2,True,
Harry Clarke,Ipswich,DEF,Ipswich (A) vs Liverpool,0.19679999999999997,4.0,0.1,0.2,0.0048000000000000004,377,0,0,1,1,0.0,1,0,5,False,100.0
Daniel Jebbison,Bournemouth,FWD,Bournemouth (H) vs Nott'm Forest,0.1926,4.5,0.8,0.2,0.0126,41,0,0,1,0,0.0,3,0,3,True,100.0
Lewis Miley,Newcastle,MID,Newcastle (A) vs Southampton,0.1758,5.0,1.0,0.4,0.0,18,0,0,0,0,0.0,3,0,2,False,100.0
Harry Toffolo,Nott'm Forest,DEF,Nott'm Forest (A) vs Bournemouth,0.1746,4.2,1.0,0.2,0.0012000000000000001,45,0,0,0,0,0.0,3,0,3,False,
Harrison Armstrong,Everton,MID,Everton (A) vs Brighton,0.1704,4.4,0.7,0.2,0.0222,47,0,0,1,0,0.0,2,0,2,False,
Danny Ward,Leicester,GKP,Leicester (A) vs Tottenham,0.15360000000000001,3.9,1.0,0.0,0.0,135,0,0,0,0,2.67,2,0,4,False,
Jahmai Simpson-Pusey,Man City,DEF,Man City (H) vs Chelsea,0.1518,4.0,0.5,0.2,0.0,95,0,0,1,0,0.0,1,0,4,True,100.0
Luke Shaw,Man Utd,DEF,Man Utd (A) vs Fulham,0.1476,4.9,1.0,0.0,0.0,68,0,0,0,0,0.0,2,0,3,False,25.0
Emmanuel Agbadou,Wolves,DEF,Wolves (H) vs Arsenal,0.1464,4.0,0.5,0.5,0.0,180,0,0,1,0,0.0,1,0,5,True,
Luke Thomas,Leicester,DEF,Leicester (A) vs Tottenham,0.14579999999999999,3.9,0.5,0.2,0.0012000000000000001,179,0,0,0,0,0.0,1,0,4,False,
Kim Ji-soo,Brentford,DEF,Brentford (A) vs Crystal Palace,0.1446,3.9,1.0,0.4,0.0,27,0,0,0,0,0.0,2,0,2,False,
Federico Chiesa,Liverpool,MID,Liverpool (H) vs Ipswich,0.1374,6.8,1.0,0.2,0.009600000000000001,21,0,0,0,0,0.0,2,0,2,True,100.0
Ben Winterburn,Bournemouth,MID,Bournemouth (H) vs Nott'm Forest,0.1224,4.5,1.0,0.4,0.0,9,0,0,0,0,0.0,2,0,3,True,
Robin Olsen,Aston Villa,GKP,Aston Villa (H) vs West Ham,0.1182,4.5,1.0,0.0,0.0,45,0,0,0,0,4.0,1,0,2,True,100.0
Eric da Silva Moreira,Nott'm Forest,MID,Nott'm Forest (A) vs Bournemouth,0.11639999999999999,4.4,1.0,0.0,0.0,28,0,0,0,0,0.0,2,0,3,False,
Marc Guiu Paz,Chelsea,FWD,Chelsea (A) vs Man City,0.1152,4.7,1.0,0.2,0.0,33,0,0,0,0,0.0,2,0,5,False,
Diego Gómez,Brighton,MID,Brighton (H) vs Everton,0.10980000000000001,5.5,1.0,0.5,0.0,1,0,0,0,0,0.0,1,0,2,True,100.0
Caleb Kporha,Crystal Palace,DEF,Crystal Palace (H) vs Brentford,0.10740000000000001,4.0,1.0,0.0,0.0,11,0,0,0,0,0.0,2,0,2,True,
Divin Mubama,Man City,FWD,Man City (H) vs Chelsea,0.1062,4.5,1.0,0.2,0.0024000000000000002,27,0,0,0,0,0.0,1,0,4,True,
Brandon Austin,Spurs,GKP,,0.1044,4.0,1.0,0.2,0.0,90,0,0,0,0,2.0,1,0,0,False,
Hákon Valdimarsson,Brentford,GKP,Brentford (A) vs Crystal Palace,0.1038,3.9,1.0,0.2,0.0,54,0,0,0,0,3.33,1,0,2,False,
Asher Agbinone,Crystal Palace,MID,Crystal Palace (H) vs Brentford,0.1032,4.5,1.0,0.0,0.0012000000000000001,4,0,0,0,0,0.0,2,0,2,True,100.0
Ryan Sessegnon,Fulham,DEF,Fulham (H) vs Man Utd,0.1026,4.1,1.0,0.2,0.0,5,0,0,0,0,0.0,2,0,3,True,100.0
Will Lankshear,Spurs,FWD,,0.1002,4.5,1.0,0.0,0.0,9,0,0,0,0,0.0,2,0,0,False,100.0
Sergio Reguilón,Spurs,DEF,,0.09059999999999999,4.2,0.5,0.2,0.004200000000000001,85,0,0,1,0,0.0,1,0,0,False,
Nico O'Reilly,Man City,MID,Man City (H) vs Chelsea,0.09059999999999999,4.9,1.0,0.2,0.0018,18,0,0,0,0,0.0,1,0,4,True,100.0
Carlos Vinícius Alves Morais,Fulham,FWD,Fulham (H) vs Man Utd,0.0858,5.0,1.0,0.0,0.0036,3,0,0,0,0,0.0,1,0,3,True,100.0
Lewis Orford,West Ham,MID,West Ham (A) vs Aston Villa,0.0858,4.5,1.0,0.2,0.0018,34,0,0,0,0,0.0,1,0,4,False,
Tyrell Malacia,Man Utd,DEF,Man Utd (A) vs Fulham,0.0774,4.4,0.5,0.0,0.0,90,0,0,1,0,0.0,1,0,3,False,100.0
Pedro Cardoso de Lima,Wolves,DEF,Wolves (H) vs Arsenal,0.0756,3.9,0.0,0.0,0.0,58,0,0,0,0,0.0,0,0,5,True,
Samuel Amo-Ameyaw,Southampton,MID,Southampton (H) vs Newcastle,0.0732,4.4,0.5,0.0,0.0012000000000000001,26,0,0,1,0,0.0,1,0,4,True,
Solly March,Brighton,MID,Brighton (H) vs Everton,0.07139999999999999,6.5,0.5,0.2,0.004200000000000001,23,0,0,1,0,0.0,1,0,2,True,100.0
Vítezslav Jaros,Liverpool,GKP,Liverpool (H) vs Ipswich,0.0708,4.0,1.0,0.0,0.0,11,0,0,0,0,8.18,1,0,2,True,
Ryan Trevitt,Brentford,MID,Brentford (A) vs Crystal Palace,0.0702,4.4,1.0,0.0,0.0,3,0,0,0,0,0.0,1,0,2,False,
Danilo dos Santos de Oliveira,Nott'm Forest,MID,Nott'm Forest (A) vs Bournemouth,0.0702,4.7,1.0,0.0,0.0,14,0,0,0,0,0.0,1,0,3,False,100.0
Rico Henry,Brentford,DEF,Brentford (A) vs Crystal Palace,0.06899999999999999,4.3,1.0,0.2,0.0,3,0,0,0,0,0.0,1,0,2,False,100.0
Martial Godo,Fulham,MID,Fulham (H) vs Man Utd,0.06839999999999999,4.4,1.0,0.0,0.0,14,0,0,0,0,0.0,1,0,3,True,
Remy Rees-Dottin,Bournemouth,FWD,Bournemouth (H) vs Nott'm Forest,0.066,4.5,1.0,0.2,0.0,1,0,0,0,0,0.0,1,0,3,True,
Kaelan Casey,West Ham,DEF,West Ham (A) vs Aston Villa,0.0654,4.0,1.0,0.0,0.0,1,0,0,0,0,0.0,1,0,4,False,100.0
Kieran Tierney,Arsenal,DEF,Arsenal (A) vs Wolves,0.0654,4.3,1.0,0.2,0.0,13,0,0,0,0,0.0,1,0,2,False,100.0
Matt Targett,Newcastle,DEF,Newcastle (A) vs Southampton,0.0648,4.0,1.0,0.2,0.0,12,0,0,0,0,0.0,1,0,2,False,100.0
Will Alves,Leicester,MID,Leicester (A) vs Tottenham,0.06420000000000001,4.5,1.0,0.2,0.0,1,0,0,0,0,0.0,1,0,4,False,
Conor Townsend,Ipswich,DEF,Ipswich (A) vs Liverpool,0.0624,3.9,1.0,0.0,0.0,1,0,0,0,0,0.0,1,0,5,False,
Alfie Pond,Wolves,DEF,Wolves (H) vs Arsenal,0.0612,3.9,1.0,0.0,0.0,1,0,0,0,0,0.0,1,0,5,True,
Roman Dixon,Everton,DEF,Everton (A) vs Brighton,0.0408,4.0,0.0,0.0,0.0,90,0,0,0,0,0.0,0,0,2,False,
Ben Godfrey,Ipswich,DEF,Ipswich (A) vs Liverpool,0.0324,4.0,0.0,0.0,0.0,63,0,0,0,0,0.0,0,0,5,False,
Tyrique George,Chelsea,MID,Chelsea (A) vs Man City,0.0102,4.5,0.0,0.0,0.0,6,0,0,1,0,0.0,0,0,5,False,
Emerson Leite de Souza Junior,Spurs,DEF,,0.0,4.5,0.0,0.0,0.0,0,0,0,0,0,0.0,0,0,0,False,0.0
Will Dennis,Bournemouth,GKP,Bournemouth (H) vs Nott'm Forest,0.0,4.0,0.0,0.0,0.0,0,0,0,0,0,0.0,0,0,3,True,
Francisco Evanilson de Lima Barbosa,Bournemouth,FWD,Bournemouth (H) vs Nott'm Forest,0.0,5.7,4.1,2.2,0.3876,1368,4,5,0,0,0.0,78,8,3,True,0.0
Alfie Devine,Spurs,MID,,0.0,4.5,0.0,0.0,0.0,0,0,0,0,0,0.0,0,0,0,False,0.0
Max Kinsey,Bournemouth,DEF,Bournemouth (H) vs Nott'm Forest,0.0,4.0,0.0,0.0,0.0,0,0,0,0,0,0.0,0,0,3,True,
Julián Araujo Zúñiga,Bournemouth,DEF,Bournemouth (H) vs Nott'm Forest,0.0,4.3,1.0,0.0,0.0,352,0,0,1,0,0.0,8,0,3,True,0.0
Bryan Gil Salvatierra,Spurs,MID,,0.0,5.0,0.0,0.0,0.0,0,0,0,0,0,0.0,0,0,0,False,0.0
Pierre-Emile Højbjerg,Spurs,MID,,0.0,5.0,0.0,0.0,0.0,0,0,0,0,0,0.0,0,0,0,False,0.0
Marcus Tavernier,Bournemouth,MID,Bournemouth (H) vs Nott'm Forest,0.0,5.4,3.2,0.0,0.24539999999999998,1138,4,1,2,0,0.0,48,3,3,True,0.0
Ben Nelson,Leicester,DEF,Leicester (A) vs Tottenham,0.0,4.0,0.0,0.0,0.0,0,0,0,0,0,0.0,0,0,4,False,0.0
Adam Smith,Bournemouth,DEF,Bournemouth (H) vs Nott'm Forest,0.0,4.4,2.0,0.0,0.036,1032,0,0,4,0,0.0,34,3,3,True,0.0
Giovani Lo Celso,Spurs,MID,,0.0,4.9,0.0,0.0,0.0,0,0,0,0,0,0.0,0,0,0,False,0.0
Alex Scott,Bournemouth,MID,Bournemouth (H) vs Nott'm Forest,0.0,4.7,1.4,0.0,0.0072,258,0,0,0,0,0.0,11,1,3,True,0.0
Luis Sinisterra,Bournemouth,MID,Bournemouth (H) vs Nott'm Forest,0.0,4.8,2.4,0.0,0.0654,203,1,1,0,0,0.0,19,0,3,True,0.0
Micky van de Ven,Spurs,DEF,,0.0,4.5,3.1,0.0,0.020999999999999998,788,2,0,4,0,0.0,28,2,0,False,0.0
Wilson Odobert,Spurs,MID,,0.0,5.3,2.0,0.0,0.0252,160,0,0,0,0,0.0,6,1,0,False,0.0
Hamed Traorè,Bournemouth,MID,Bournemouth (H) vs Nott'm Forest,0.0,4.5,0.0,0.0,0.0,0,0,0,0,0,0.0,0,0,3,True,0.0
Abdul Fatawu,Leicester,MID,Leicester (A) vs Tottenham,0.0,5.2,2.4,0.0,0.024599999999999997,576,2,0,0,0,0.0,26,0,4,False,0.0
Alfie Whiteman,Spurs,GKP,,0.0,4.0,0.0,0.0,0.0,0,0,0,0,0,0.0,0,0,0,False,
Timo Werner,Spurs,MID,,0.0,6.2,1.9,0.8,0.0624,496,3,0,0,0,0.0,33,1,0,False,0.0
Guglielmo Vicario,Spurs,GKP,,0.0,4.8,3.1,0.0,0.0,1080,0,0,1,0,2.42,37,3,0,False,0.0
Alejo Véliz,Spurs,FWD,,0.0,5.0,0.0,0.0,0.0,0,0,0,0,0,0.0,0,0,0,False,0.0
Destiny Udogie,Spurs,DEF,,0.0,4.8,2.1,0.6,0.0186,1430,1,0,2,0,0.0,37,2,0,False,0.0
Marcos Senesi,Bournemouth,DEF,Bournemouth (H) vs Nott'm Forest,0.0,4.6,1.9,0.0,0.0486,917,0,0,4,0,0.0,21,1,3,True,0.0
Chris Mepham,Bournemouth,DEF,Bournemouth (H) vs Nott'm Forest,0.0,4.4,0.0,0.0,0.0,0,0,0,0,0,0.0,0,0,3,True,0.0
Alex Paulsen,Bournemouth,GKP,Bournemouth (H) vs Nott'm Forest,0.0,4.0,0.0,0.0,0.0,0,0,0,0,0,0.0,0,0,3,True,0.0
Manor Solomon,Spurs,MID,,0.0,5.4,0.0,0.0,0.0,0,0,0,0,0,0.0,0,0,0,False,0.0
Dane Scarlett,Spurs,FWD,,0.0,4.5,0.0,0.0,0.0,0,0,0,0,0,0.0,0,0,0,False,0.0
Philip Billing,Bournemouth,MID,Bournemouth (H) vs Nott'm Forest,0.0,4.8,1.0,0.6,0.033,176,0,0,1,0,0.0,10,0,3,True,0.0
Cristian Romero,Spurs,DEF,,0.0,4.9,2.9,0.0,0.0618,974,0,1,1,0,0.0,35,2,0,False,0.0
Rodrigo Bentancur,Spurs,MID,,0.0,4.9,2.2,1.6,0.049199999999999994,685,0,2,5,0,0.0,27,1,0,False,0.0
Archie Harris,Bournemouth,DEF,Bournemouth (H) vs Nott'm Forest,0.0,4.0,0.0,0.0,0.0,0,0,0,0,0,0.0,0,0,3,True,
Welington Damascena Santos,Southampton,DEF,Southampton (H) vs Newcastle,0.0,4.0,0.0,0.0,0.0,0,0,0,0,0,0.0,0,0,4,True,
Daniel Iversen,Leicester,GKP,Leicester (A) vs Tottenham,0.0,3.9,0.0,0.0,0.0,0,0,0,0,0,0.0,0,0,4,False,
Ashley Phillips,Spurs,DEF,,0.0,4.0,0.0,0.0,0.0,0,0,0,0,0,0.0,0,0,0,False,0.0
Myles Peart-Harris,Brentford,MID,Brentford (A) vs Crystal Palace,0.0,4.5,0.0,0.0,0.0,0,0,0,0,0,0.0,0,0,2,False,0.0
Mateusz Lis,Southampton,GKP,Southampton (H) vs Newcastle,0.0,4.0,0.0,0.0,0.0,0,0,0,0,0,0.0,0,0,4,True,0.0
Juan Larios López,Southampton,DEF,Southampton (H) vs Newcastle,0.0,3.9,0.0,0.0,0.0,0,0,0,0,0,0.0,0,0,4,True,0.0
Ethan Pinnock,Brentford,DEF,Brentford (A) vs Crystal Palace,0.0,4.4,2.1,0.0,0.0522,1440,0,2,2,0,0.0,33,1,2,False,0.0
Igor Thiago Nascimento Rodrigues,Brentford,FWD,Brentford (A) vs Crystal Palace,0.0,5.9,1.2,0.0,0.006,129,0,0,0,0,0.0,5,0,2,False,0.0
Ivan Toney,Brentford,FWD,Brentford (A) vs Crystal Palace,0.0,7.3,0.0,0.0,0.0,0,0,0,0,0,0.0,0,0,2,False,0.0
Ronnie Edwards,Southampton,DEF,Southampton (H) vs Newcastle,0.0,3.9,1.0,0.0,0.0,12,0,0,0,0,0.0,1,0,4,True,0.0
Samuel Edozie,Southampton,MID,Southampton (H) vs Newcastle,0.0,4.9,0.5,0.0,0.0,64,0,0,1,0,0.0,1,0,4,True,0.0
Shea Charles,Southampton,MID,Southampton (H) vs Newcastle,0.0,4.5,0.0,0.0,0.0,0,0,0,0,0,0.0,0,0,4,True,0.0
Thomas Wilson-Brown,Leicester,DEF,Leicester (A) vs Tottenham,0.0,4.0,0.0,0.0,0.0,0,0,0,0,0,0.0,0,0,4,False,
Armel Bella-Kotchap,Southampton,DEF,Southampton (H) vs Newcastle,0.0,3.9,0.0,0.0,0.0,0,0,0,0,0,0.0,0,0,4,True,
Mathias Jorgensen,Brentford,DEF,Brentford (A) vs Crystal Palace,0.0,4.5,0.0,0.0,0.0,0,0,0,0,0,0.0,0,0,2,False,0.0
Gavin Bazunu,Southampton,GKP,Southampton (H) vs Newcastle,0.0,4.3,0.0,0.0,0.0,0,0,0,0,0,0.0,0,0,4,True,75.0
Gustavo Nunes Fernandes Gomes,Brentford,MID,Brentford (A) vs Crystal Palace,0.0,4.9,0.0,0.0,0.0,0,0,0,0,0,0.0,0,0,2,False,0.0
Woyo Coulibaly,Leicester,DEF,Leicester (A) vs Tottenham,0.0,4.0,0.0,0.0,0.0,0,0,0,0,0,0.0,0,0,4,False,
Frank Onyeka,Brentford,MID,Brentford (A) vs Crystal Palace,0.0,4.9,1.0,0.0,0.0,23,0,0,0,0,0.0,2,0,2,False,0.0
Sékou Mara,Southampton,FWD,Southampton (H) vs Newcastle,0.0,5.0,0.0,0.0,0.0,0,0,0,0,0,0.0,0,0,4,True,0.0
Henry Cartwright,Leicester,MID,Leicester (A) vs Tottenham,0.0,4.5,0.0,0.0,0.0,0,0,0,0,0,0.0,0,0,4,False,
Dominic Sadi,Bournemouth,MID,Bournemouth (H) vs Nott'm Forest,0.0,4.5,0.0,0.0,0.0,0,0,0,0,0,0.0,0,0,3,True,
Joachim Kayi-Sanda,Southampton,DEF,Southampton (H) vs Newcastle,0.0,4.0,0.0,0.0,0.0,0,0,0,0,0,0.0,0,0,4,True,
Malachi Hardy,Spurs,DEF,,0.0,4.0,0.0,0.0,0.0,0,0,0,0,0,0.0,0,0,0,False,
Joseph O'Brien-Whitmarsh,Southampton,MID,Southampton (H) vs Newcastle,0.0,4.5,0.0,0.0,0.0,0,0,0,0,0,0.0,0,0,4,True,
Matai Akinmboni,Bournemouth,DEF,Bournemouth (H) vs Nott'm Forest,0.0,4.0,0.0,0.0,0.0,0,0,0,0,0,0.0,0,0,3,True,
Julio Soler,Bournemouth,DEF,Bournemouth (H) vs Nott'm Forest,0.0,4.0,0.0,0.0,0.0,0,0,0,0,0,0.0,0,0,3,True,0.0
Daniel Adu-Adjei,Bournemouth,FWD,Bournemouth (H) vs Nott'm Forest,0.0,4.5,0.0,0.0,0.0,0,0,0,0,0,0.0,0,0,3,True,
Callan McKenna,Bournemouth,GKP,Bournemouth (H) vs Nott'm Forest,0.0,4.0,0.0,0.0,0.0,0,0,0,0,0,0.0,0,0,3,True,
Aaron Hickey,Brentford,DEF,Brentford (A) vs Crystal Palace,0.0,4.3,0.0,0.0,0.0,0,0,0,0,0,0.0,0,0,2,False,0.0
Zain Silcott-Duberry,Bournemouth,MID,Bournemouth (H) vs Nott'm Forest,0.0,4.5,0.0,0.0,0.0,0,0,0,0,0,0.0,0,0,3,True,
Kristoffer Ajer,Brentford,DEF,Brentford (A) vs Crystal Palace,0.0,4.4,0.9,0.0,0.0306,717,0,0,3,0,0.0,9,0,2,False,0.0
Ethan Brierley,Brentford,MID,Brentford (A) vs Crystal Palace,0.0,4.4,0.0,0.0,0.0,0,0,0,0,0,0.0,0,0,2,False,100.0
Josh Dasilva,Brentford,MID,Brentford (A) vs Crystal Palace,0.0,4.8,0.0,0.0,0.0,0,0,0,0,0,0.0,0,0,2,False,0.0
Ross Stewart,Southampton,FWD,Southampton (H) vs Newcastle,0.0,4.4,0.8,0.0,0.0102,130,0,0,1,0,0.0,3,0,4,True,0.0
Jack Stephens,Southampton,DEF,Southampton (H) vs Newcastle,0.0,4.0,1.0,0.0,0.016800000000000002,793,0,0,2,2,0.0,10,1,4,True,0.0
Callum Olusesi,Spurs,MID,,0.0,4.5,0.0,0.0,0.0,0,0,0,0,0,0.0,0,0,0,False,
Joe Gomez,Liverpool,DEF,Liverpool (H) vs Ipswich,0.0,4.7,1.6,0.4,0.0198,517,0,0,1,0,0.0,14,1,2,True,0.0
Luca Williams-Barnett,Spurs,MID,,0.0,4.5,0.0,0.0,0.0,0,0,0,0,0,0.0,0,0,0,False,0.0
Nathan Butler-Oyedeji,Arsenal,FWD,Arsenal (A) vs Wolves,0.0,4.5,0.0,0.0,0.0,0,0,0,0,0,0.0,0,0,2,False,
Joe Hodge,Wolves,MID,Wolves (H) vs Arsenal,0.0,4.5,0.0,0.0,0.0,0,0,0,0,0,0.0,0,0,5,True,0.0
Ismeal Kabia,Arsenal,MID,Arsenal (A) vs Wolves,0.0,4.5,0.0,0.0,0.0,0,0,0,0,0,0.0,0,0,2,False,
Hugo Bueno López,Wolves,DEF,Wolves (H) vs Arsenal,0.0,4.5,0.0,0.0,0.0,0,0,0,0,0,0.0,0,0,5,True,0.0
Josh Nichols,Arsenal,DEF,Arsenal (A) vs Wolves,0.0,4.0,0.0,0.0,0.0,0,0,0,0,0,0.0,0,0,2,False,
Enso González,Wolves,MID,Wolves (H) vs Arsenal,0.0,4.4,0.0,0.0,0.0,0,0,0,0,0,0.0,0,0,5,True,0.0
Nathan Fraser,Wolves,FWD,Wolves (H) vs Arsenal,0.0,4.5,0.0,0.0,0.0,0,0,0,0,0,0.0,0,0,5,True,0.0
Fábio Silva,Wolves,FWD,Wolves (H) vs Arsenal,0.0,5.0,0.0,0.0,0.0,0,0,0,0,0,0.0,0,0,5,True,0.0
Ross Barkley,Aston Villa,MID,Aston Villa (H) vs West Ham,0.0,5.2,2.5,2.4,0.1008,544,1,3,3,0,0.0,40,1,2,True,0.0
Alfie Dorrington,Spurs,DEF,,0.0,4.0,1.0,0.0,0.0,13,0,0,0,0,0.0,1,0,0,False,0.0
Enzo Barrenechea,Aston Villa,MID,Aston Villa (H) vs West Ham,0.0,4.9,0.0,0.0,0.0,0,0,0,0,0,0.0,0,0,2,True,0.0
Leander Dendoncker,Aston Villa,MID,Aston Villa (H) vs West Ham,0.0,4.5,0.0,0.0,0.0,0,0,0,0,0,0.0,0,0,2,True,0.0
Luke Cundle,Wolves,MID,Wolves (H) vs Arsenal,0.0,4.5,0.0,0.0,0.0,0,0,0,0,0,0.0,0,0,5,True,
Leon Chiwome,Wolves,FWD,Wolves (H) vs Arsenal,0.0,4.5,0.0,0.0,0.0,0,0,0,0,0,0.0,0,0,5,True,100.0
Tawanda Chirewa,Wolves,MID,Wolves (H) vs Arsenal,0.0,4.5,0.0,0.0,0.0,0,0,0,0,0,0.0,0,0,5,True,0.0
Francisco Jorge Tomás Oliveira,Wolves,MID,Wolves (H) vs Arsenal,0.0,4.5,1.0,0.0,0.0,6,0,0,0,0,0.0,1,0,5,True,0.0
Daniel Bentley,Wolves,GKP,Wolves (H) vs Arsenal,0.0,3.9,0.0,0.0,0.0,0,0,0,0,0,0.0,0,0,5,True,
Ki-Jana Hoever,Wolves,DEF,Wolves (H) vs Arsenal,0.0,4.0,0.0,0.0,0.0,0,0,0,0,0,0.0,0,0,5,True,0.0
Ayden Heaven,Arsenal,DEF,Arsenal (A) vs Wolves,0.0,4.0,0.0,0.0,0.0,0,0,0,0,0,0.0,0,0,2,False,
Maldini Kacurri,Arsenal,DEF,Arsenal (A) vs Wolves,0.0,4.0,0.0,0.0,0.0,0,0,0,0,0,0.0,0,0,2,False,
Saša Kalajdžić,Wolves,FWD,Wolves (H) vs Arsenal,0.0,4.8,0.0,0.0,0.0,0,0,0,0,0,0.0,0,0,5,True,0.0
Wes Okoduwa,Wolves,DEF,Wolves (H) vs Arsenal,0.0,4.0,0.0,0.0,0.0,0,0,0,0,0,0.0,0,0,5,True,
Tom Edozie,Wolves,MID,Wolves (H) vs Arsenal,0.0,4.5,0.0,0.0,0.0,0,0,0,0,0,0.0,0,0,5,True,
Karl Hein,Arsenal,GKP,Arsenal (A) vs Wolves,0.0,4.0,0.0,0.0,0.0,0,0,0,0,0,0.0,0,0,2,False,0.0
Ethan Nwaneri,Arsenal,MID,Arsenal (A) vs Wolves,0.0,4.5,1.9,1.6,0.018,230,0,2,1,0,0.0,23,0,2,False,0.0
Bastien Meupiyou,Wolves,DEF,Wolves (H) vs Arsenal,0.0,3.9,0.0,0.0,0.0,0,0,0,0,0,0.0,0,0,5,True,100.0
Toti António Gomes,Wolves,DEF,Wolves (H) vs Arsenal,0.0,4.3,2.1,1.6,0.0018,1263,1,0,4,0,0.0,34,3,5,True,0.0
Bukayo Saka,Arsenal,MID,Arsenal (A) vs Wolves,0.0,10.2,6.7,0.0,0.2502,1268,11,5,3,0,0.0,107,6,2,False,0.0
Tomiyasu Takehiro,Arsenal,DEF,Arsenal (A) vs Wolves,0.0,4.8,1.0,0.0,0.0108,6,0,0,0,0,0.0,1,0,2,False,0.0
Benjamin White,Arsenal,DEF,Arsenal (A) vs Wolves,0.0,6.1,3.0,0.0,0.0078,694,1,0,2,0,0.0,27,3,2,False,0.0
Daniel Castelo Podence,Wolves,MID,Wolves (H) vs Arsenal,0.0,5.5,1.0,0.0,0.0024000000000000002,46,0,0,0,0,0.0,2,0,5,True,0.0
Ricardo Barbosa Pereira,Leicester,DEF,Leicester (A) vs Tottenham,0.0,4.1,1.0,0.0,0.0,146,0,0,1,0,0.0,2,0,4,False,0.0
Salah-Eddine Oulad M'hand,Arsenal,MID,Arsenal (A) vs Wolves,0.0,4.5,0.0,0.0,0.0,0,0,0,0,0,0.0,0,0,2,False,
Yerson Mosquera,Wolves,DEF,Wolves (H) vs Arsenal,0.0,3.9,0.6,0.0,0.0198,441,0,0,2,0,0.0,3,0,5,True,0.0
Tommy Setford,Arsenal,GKP,Arsenal (A) vs Wolves,0.0,4.5,0.0,0.0,0.0,0,0,0,0,0,0.0,0,0,2,False,
Tom King,Wolves,GKP,Wolves (H) vs Arsenal,0.0,4.0,0.0,0.0,0.0,0,0,0,0,0,0.0,0,0,5,True,
Moussa Diaby,Aston Villa,MID,Aston Villa (H) vs West Ham,0.0,6.5,0.0,0.0,0.0,0,0,0,0,0,0.0,0,0,2,True,0.0
Boubacar Traoré,Wolves,MID,Wolves (H) vs Arsenal,0.0,4.8,0.0,0.0,0.0,0,0,0,0,0,0.0,0,0,5,True,75.0
Diego Carlos Santos Silva,Aston Villa,DEF,Aston Villa (H) vs West Ham,0.0,4.5,2.1,0.2,0.038400000000000004,828,0,0,1,0,0.0,21,2,2,True,0.0
Kadan Young,Aston Villa,MID,Aston Villa (H) vs West Ham,0.0,4.5,0.0,0.0,0.0,0,0,0,0,0,0.0,0,0,2,True,
Ben Broggio,Aston Villa,MID,Aston Villa (H) vs West Ham,0.0,4.5,0.0,0.0,0.0,0,0,0,0,0,0.0,0,0,2,True,
Jamaldeen Jimoh,Aston Villa,MID,Aston Villa (H) vs West Ham,0.0,4.5,0.0,0.0,0.0,0,0,0,0,0,0.0,0,0,2,True,
George Earthy,West Ham,MID,West Ham (A) vs Aston Villa,0.0,4.5,0.0,0.0,0.0,0,0,0,0,0,0.0,0,0,4,False,0.0
Donyell Malen,Aston Villa,MID,Aston Villa (H) vs West Ham,0.0,5.5,0.0,0.0,0.0,0,0,0,0,0,0.0,0,0,2,True,
Andrés García,Aston Villa,DEF,Aston Villa (H) vs West Ham,0.0,4.5,0.0,0.0,0.0,0,0,0,0,0,0.0,0,0,2,True,
Jarrod Bowen,West Ham,MID,West Ham (A) vs Aston Villa,0.0,7.3,4.7,1.8,0.28559999999999997,1656,6,5,1,0,0.0,90,4,4,False,0.0
Max Aarons,Bournemouth,DEF,Bournemouth (H) vs Nott'm Forest,0.0,4.3,2.7,1.4,0.0,84,0,0,0,0,0.0,8,1,3,True,0.0
Michail Antonio,West Ham,FWD,West Ham (A) vs Aston Villa,0.0,5.3,3.0,0.0,0.132,834,4,1,1,0,0.0,42,4,4,False,0.0
Jaidon Anthony,Bournemouth,MID,Bournemouth (H) vs Nott'm Forest,0.0,4.5,0.0,0.0,0.0,0,0,0,0,0,0.0,0,0,3,True,0.0
Enes Ünal,Bournemouth,FWD,Bournemouth (H) vs Nott'm Forest,0.0,5.4,1.9,0.6,0.1638,330,1,2,2,0,0.0,32,2,3,True,0.0
Damola Ajayi,Spurs,MID,,0.0,4.5,0.0,0.0,0.0,0,0,0,0,0,0.0,0,0,0,False,
Min-Hyeok Yang,Spurs,MID,,0.0,4.5,0.0,0.0,0.0,0,0,0,0,0,0.0,0,0,0,False,
Jayden Meghoma,Brentford,DEF,Brentford (A) vs Crystal Palace,0.0,4.0,1.0,0.0,0.0,4,0,0,0,0,0.0,1,0,2,False,0.0
Romain Faivre,Bournemouth,MID,Bournemouth (H) vs Nott'm Forest,0.0,5.0,0.0,0.0,0.0,0,0,0,0,0,0.0,0,0,3,True,0.0
Maeson King,Spurs,DEF,,0.0,4.0,0.0,0.0,0.0,0,0,0,0,0,0.0,0,0,0,False,
Wes Foderingham,West Ham,GKP,West Ham (A) vs Aston Villa,0.0,4.3,0.0,0.0,0.0,0,0,0,0,0,0.0,0,0,4,False,
Oliwier Zych,Aston Villa,GKP,Aston Villa (H) vs West Ham,0.0,4.0,0.0,0.0,0.0,0,0,0,0,0,0.0,0,0,2,True,
Lewis Dobbin,Aston Villa,MID,Aston Villa (H) vs West Ham,0.0,5.0,0.0,0.0,0.0,0,0,0,0,0,0.0,0,0,2,True,0.0
Sil Swinkels,Aston Villa,DEF,Aston Villa (H) vs West Ham,0.0,4.0,0.0,0.0,0.0,0,0,0,0,0,0.0,0,0,2,True,
Wilfred Ndidi,Leicester,MID,Leicester (A) vs Tottenham,0.0,4.9,2.5,0.0,0.09179999999999999,1216,4,0,4,0,0.0,37,1,4,False,0.0
Ezra Mayers,West Ham,DEF,West Ham (A) vs Aston Villa,0.0,4.0,0.0,0.0,0.0,0,0,0,0,0,0.0,0,0,4,False,
Joe Gauci,Aston Villa,GKP,Aston Villa (H) vs West Ham,0.0,4.0,0.0,0.0,0.0,0,0,0,0,0,0.0,0,0,2,True,
Kortney Hause,Aston Villa,DEF,Aston Villa (H) vs West Ham,0.0,3.9,0.0,0.0,0.0,0,0,0,0,0,0.0,0,0,2,True,
Samuel Iling-Junior,Aston Villa,MID,Aston Villa (H) vs West Ham,0.0,5.4,0.0,0.0,0.0,0,0,0,0,0,0.0,0,0,2,True,0.0
Niclas Füllkrug,West Ham,FWD,West Ham (A) vs Aston Villa,0.0,6.7,2.4,2.2,0.0828,366,1,2,1,0,0.0,22,1,4,False,0.0
Kaine Kesler-Hayden,Aston Villa,DEF,Aston Villa (H) vs West Ham,0.0,4.0,0.0,0.0,0.0,0,0,0,0,0,0.0,0,0,2,True,0.0
Filip Marschall,Aston Villa,GKP,Aston Villa (H) vs West Ham,0.0,4.0,0.0,0.0,0.0,0,0,0,0,0,0.0,0,0,2,True,0.0
John McGinn,Aston Villa,MID,Aston Villa (H) vs West Ham,0.0,5.2,2.3,1.0,0.11220000000000001,1253,3,0,3,0,0.0,42,3,2,True,0.0
Kurt Zouma,West Ham,DEF,West Ham (A) vs Aston Villa,0.0,4.4,0.0,0.0,0.0,0,0,0,0,0,0.0,0,0,4,False,0.0
Wanya Marçal-Madivádua,Leicester,MID,Leicester (A) vs Tottenham,0.0,4.5,0.0,0.0,0.0,0,0,0,0,0,0.0,0,0,4,False,0.0
Nayef Aguerd,West Ham,DEF,West Ham (A) vs Aston Villa,0.0,4.4,0.0,0.0,0.0,0,0,0,0,0,0.0,0,0,4,False,0.0
Pau Torres,Aston Villa,DEF,Aston Villa (H) vs West Ham,0.0,4.2,1.8,0.4,0.0306,1549,0,0,1,0,0.0,32,2,2,True,0.0
Viljami Sinisalo,Aston Villa,GKP,Aston Villa (H) vs West Ham,0.0,4.0,0.0,0.0,0.0,0,0,0,0,0,0.0,0,0,2,True,0.0
Lino da Cruz Sousa,Aston Villa,DEF,Aston Villa (H) vs West Ham,0.0,4.0,0.0,0.0,0.0,0,0,0,0,0,0.0,0,0,2,True,0.0
Carlos Alcaraz Durán,Southampton,MID,Southampton (H) vs Newcastle,0.0,4.9,1.0,0.0,0.004200000000000001,9,0,0,0,0,0.0,1,0,4,True,0.0
Zach Abbott,Nott'm Forest,DEF,Nott'm Forest (A) vs Bournemouth,0.0,4.0,0.0,0.0,0.0,0,0,0,0,0,0.0,0,0,3,False,
Tony Yogane,Brentford,MID,Brentford (A) vs Crystal Palace,0.0,4.5,0.0,0.0,0.0,0,0,0,0,0,0.0,0,0,2,False,
Josh Wilson-Esbrand,Man City,DEF,Man City (H) vs Chelsea,0.0,4.0,0.0,0.0,0.0,0,0,0,0,0,0.0,0,0,4,True,
Altay Bayindir,Man Utd,GKP,Man Utd (A) vs Fulham,0.0,4.3,0.0,0.0,0.0,0,0,0,0,0,0.0,0,0,3,False,
Zach Marsh,Crystal Palace,FWD,Crystal Palace (H) vs Brentford,0.0,4.5,0.0,0.0,0.0,0,0,0,0,0,0.0,0,0,2,True,
Romain Esse,Crystal Palace,MID,Crystal Palace (H) vs Brentford,0.0,5.0,0.0,0.0,0.0,0,0,0,0,0,0.0,0,0,2,True,
Abdukodir Khusanov,Man City,DEF,Man City (H) vs Chelsea,0.0,5.0,0.0,0.0,0.0,0,0,0,0,0,0.0,0,0,4,True,
Spike Brits,Man City,GKP,Man City (H) vs Chelsea,0.0,4.0,0.0,0.0,0.0,0,0,0,0,0,0.0,0,0,4,True,
Max Alleyne,Man City,DEF,Man City (H) vs Chelsea,0.0,4.0,0.0,0.0,0.0,0,0,0,0,0,0.0,0,0,4,True,
Chiedozie Ogbene,Ipswich,MID,Ipswich (A) vs Liverpool,0.0,4.8,1.4,0.0,0.0,237,0,0,0,0,0.0,7,0,5,False,0.0
Armando Broja,Everton,FWD,Everton (A) vs Brighton,0.0,5.4,1.0,0.8,0.0066,156,0,0,1,0,0.0,5,0,2,False,0.0
Caleb Wiley,Chelsea,DEF,Chelsea (A) vs Man City,0.0,4.0,0.0,0.0,0.0,0,0,0,0,0,0.0,0,0,5,False,0.0
Jacob Wright,Man City,MID,Man City (H) vs Chelsea,0.0,4.5,0.0,0.0,0.0,0,0,0,0,0,0.0,0,0,4,True,
Issa Kaboré,Man City,DEF,Man City (H) vs Chelsea,0.0,4.5,0.0,0.0,0.0,0,0,0,0,0,0.0,0,0,4,True,0.0
Séamus Coleman,Everton,DEF,Everton (A) vs Brighton,0.0,4.3,1.0,0.2,0.0372,196,0,0,1,0,0.0,3,0,2,False,0.0
Ben Doak,Liverpool,MID,Liverpool (H) vs Ipswich,0.0,4.5,0.0,0.0,0.0,0,0,0,0,0,0.0,0,0,2,True,0.0
Mason Holgate,Everton,DEF,Everton (A) vs Brighton,0.0,4.0,1.0,0.0,0.0,5,0,0,0,0,0.0,1,0,2,False,0.0
Tim Iroegbunam,Everton,MID,Everton (A) vs Brighton,0.0,4.3,1.3,0.0,0.0126,381,0,0,2,0,0.0,8,0,2,False,0.0
João Neves Virgínia,Everton,GKP,Everton (A) vs Brighton,0.0,3.9,0.0,0.0,0.0,0,0,0,0,0,0.0,0,0,2,False,
Kaden Rodney,Crystal Palace,MID,Crystal Palace (H) vs Brentford,0.0,4.5,0.0,0.0,0.0,0,0,0,0,0,0.0,0,0,2,True,
Bobby Clark,Liverpool,MID,Liverpool (H) vs Ipswich,0.0,4.5,0.0,0.0,0.0,0,0,0,0,0,0.0,0,0,2,True,0.0
Franco Umeh-Chibueze,Crystal Palace,MID,Crystal Palace (H) vs Brentford,0.0,4.4,0.0,0.0,0.0,0,0,0,0,0,0.0,0,0,2,True,100.0
Matt Turner,Crystal Palace,GKP,Crystal Palace (H) vs Brentford,0.0,3.9,0.0,0.0,0.0,0,0,0,0,0,0.0,0,0,2,True,100.0
Naouirou Ahamada,Crystal Palace,MID,Crystal Palace (H) vs Brentford,0.0,4.5,0.0,0.0,0.0,0,0,0,0,0,0.0,0,0,2,True,0.0
Malcolm Ebiowei,Crystal Palace,MID,Crystal Palace (H) vs Brentford,0.0,4.5,0.0,0.0,0.0,0,0,0,0,0,0.0,0,0,2,True,0.0
Facundo Pellistri Rebollo,Man Utd,MID,Man Utd (A) vs Fulham,0.0,5.0,0.0,0.0,0.0,0,0,0,0,0,0.0,0,0,3,False,0.0
Rob Holding,Crystal Palace,DEF,Crystal Palace (H) vs Brentford,0.0,4.2,0.0,0.0,0.0,0,0,0,0,0,0.0,0,0,2,True,
Jefferson Lerma Solís,Crystal Palace,MID,Crystal Palace (H) vs Brentford,0.0,4.8,1.5,1.6,0.0402,1111,0,0,4,0,0.0,26,2,2,True,0.0
Scott McTominay,Man Utd,MID,Man Utd (A) vs Fulham,0.0,4.9,1.0,0.0,0.004200000000000001,17,0,0,0,0,0.0,2,0,3,False,0.0
Matheus França de Oliveira,Crystal Palace,MID,Crystal Palace (H) vs Brentford,0.0,4.4,0.0,0.0,0.0,0,0,0,0,0,0.0,0,0,2,True,0.0
Tom Cannon,Leicester,FWD,Leicester (A) vs Tottenham,0.0,4.5,0.0,0.0,0.0,0,0,0,0,0,0.0,0,0,4,False,0.0
Remi Matthews,Crystal Palace,GKP,Crystal Palace (H) vs Brentford,0.0,3.9,0.0,0.0,0.0,0,0,0,0,0,0.0,0,0,2,True,
David Ozoh,Crystal Palace,MID,Crystal Palace (H) vs Brentford,0.0,4.5,0.0,0.0,0.0,0,0,0,0,0,0.0,0,0,2,True,0.0
Jesurun Rak-Sakyi,Crystal Palace,MID,Crystal Palace (H) vs Brentford,0.0,4.5,0.0,0.0,0.0,0,0,0,0,0,0.0,0,0,2,True,0.0
Joel Ward,Crystal Palace,DEF,Crystal Palace (H) vs Brentford,0.0,4.3,0.0,0.0,0.0,0,0,0,0,0,0.0,0,0,2,True,100.0
Tom Heaton,Man Utd,GKP,Man Utd (A) vs Fulham,0.0,3.9,0.0,0.0,0.0,0,0,0,0,0,0.0,0,0,3,False,
Hannibal Mejbri,Man Utd,MID,Man Utd (A) vs Fulham,0.0,4.5,0.0,0.0,0.0,0,0,0,0,0,0.0,0,0,3,False,0.0
Adam Wharton,Crystal Palace,MID,Crystal Palace (H) vs Brentford,0.0,4.7,1.9,0.0,0.0132,621,0,0,0,0,0.0,15,1,2,True,0.0
Neal Maupay,Everton,FWD,Everton (A) vs Brighton,0.0,4.9,0.0,0.0,0.0,0,0,0,0,0,0.0,0,0,2,False,0.0
Rodrigo 'Rodri' Hernandez,Man City,MID,Man City (H) vs Chelsea,0.0,6.2,1.0,0.0,0.0,65,0,0,0,0,0.0,2,0,4,True,0.0
Dwight McNeil,Everton,MID,Everton (A) vs Brighton,0.0,5.1,5.0,0.0,0.0522,1140,5,3,1,0,0.0,65,4,2,False,0.0
Amara Nallo,Liverpool,DEF,Liverpool (H) vs Ipswich,0.0,4.0,0.0,0.0,0.0,0,0,0,0,0,0.0,0,0,2,True,
Harvey Davies,Liverpool,GKP,Liverpool (H) vs Ipswich,0.0,4.0,0.0,0.0,0.0,0,0,0,0,0,0.0,0,0,2,True,
Kalvin Phillips,Ipswich,MID,Ipswich (A) vs Liverpool,0.0,4.8,1.5,1.2,0.0198,767,0,0,1,1,0.0,18,1,5,False,0.0
Samuel Amissah,Fulham,DEF,Fulham (H) vs Man Utd,0.0,4.0,0.0,0.0,0.0,0,0,0,0,0,0.0,0,0,3,True,
Elkan Baggott,Ipswich,DEF,Ipswich (A) vs Liverpool,0.0,4.0,0.0,0.0,0.0,0,0,0,0,0,0.0,0,0,5,False,0.0
Rhys Williams,Liverpool,DEF,Liverpool (H) vs Ipswich,0.0,4.0,0.0,0.0,0.0,0,0,0,0,0,0.0,0,0,2,True,0.0
Conor Chaplin,Ipswich,MID,Ipswich (A) vs Liverpool,0.0,5.1,2.2,0.0,0.0708,605,2,1,1,0,0.0,33,1,5,False,0.0
Nathaniel Phillips,Liverpool,DEF,Liverpool (H) vs Ipswich,0.0,4.0,0.0,0.0,0.0,0,0,0,0,0,0.0,0,0,2,True,0.0
Tyler Morton,Liverpool,MID,Liverpool (H) vs Ipswich,0.0,4.4,0.0,0.0,0.0,0,0,0,0,0,0.0,0,0,2,True,100.0
James McConnell,Liverpool,MID,Liverpool (H) vs Ipswich,0.0,4.4,0.0,0.0,0.0,0,0,0,0,0,0.0,0,0,2,True,100.0
George Edmundson,Ipswich,DEF,Ipswich (A) vs Liverpool,0.0,4.0,1.0,0.0,0.0,1,0,0,0,0,0.0,1,0,5,False,0.0
Marcus Myers-Harness,Ipswich,MID,Ipswich (A) vs Liverpool,0.0,4.9,1.0,0.0,0.0,43,0,0,0,0,0.0,2,0,5,False,0.0
Cameron Humphreys,Ipswich,MID,Ipswich (A) vs Liverpool,0.0,4.5,0.0,0.0,0.0,0,0,0,0,0,0.0,0,0,5,False,0.0
Freddie Ladapo,Ipswich,FWD,Ipswich (A) vs Liverpool,0.0,4.5,0.0,0.0,0.0,0,0,0,0,0,0.0,0,0,5,False,0.0
Corrie Ndaba,Ipswich,DEF,Ipswich (A) vs Liverpool,0.0,4.0,0.0,0.0,0.0,0,0,0,0,0,0.0,0,0,5,False,0.0
Cieran Slicker,Ipswich,GKP,Ipswich (A) vs Liverpool,0.0,3.9,0.0,0.0,0.0,0,0,0,0,0,0.0,0,0,5,False,
Treymaurice Nyoni,Liverpool,MID,Liverpool (H) vs Ipswich,0.0,4.5,0.0,0.0,0.0,0,0,0,0,0,0.0,0,0,2,True,
Jayden Danns,Liverpool,FWD,Liverpool (H) vs Ipswich,0.0,4.5,0.0,0.0,0.0,0,0,0,0,0,0.0,0,0,2,True,
Youssef Ramalho Chermiti,Everton,FWD,Everton (A) vs Brighton,0.0,4.9,0.0,0.0,0.0,0,0,0,0,0,0.0,0,0,2,False,0.0
Gabriel Fernando de Jesus,Arsenal,FWD,Arsenal (A) vs Wolves,0.0,6.7,2.5,3.2,0.183,600,2,3,4,0,0.0,42,2,2,False,0.0
Jenson Metcalfe,Everton,MID,Everton (A) vs Brighton,0.0,4.5,0.0,0.0,0.0,0,0,0,0,0,0.0,0,0,2,False,0.0
Asmir Begovic,Everton,GKP,Everton (A) vs Brighton,0.0,4.0,0.0,0.0,0.0,0,0,0,0,0,0.0,0,0,2,False,
João Cavaco Cancelo,Man City,DEF,Man City (H) vs Chelsea,0.0,5.3,0.0,0.0,0.0,0,0,0,0,0,0.0,0,0,4,True,0.0
Julián Álvarez,Man City,FWD,Man City (H) vs Chelsea,0.0,7.0,0.0,0.0,0.0,0,0,0,0,0,0.0,0,0,4,True,0.0
Callum Bates,Everton,MID,Everton (A) vs Brighton,0.0,4.5,0.0,0.0,0.0,0,0,0,0,0,0.0,0,0,2,False,
Martin Sherif,Everton,FWD,Everton (A) vs Brighton,0.0,4.5,0.0,0.0,0.0,0,0,0,0,0,0.0,0,0,2,False,
Reiss Nelson,Fulham,MID,Fulham (H) vs Man Utd,0.0,5.0,2.2,0.0,0.06420000000000001,483,1,1,1,0,0.0,27,1,3,True,0.0
Steven Benda,Fulham,GKP,Fulham (H) vs Man Utd,0.0,4.0,0.0,0.0,0.0,0,0,0,0,0,0.0,0,0,3,True,
Luke Harris,Fulham,MID,Fulham (H) vs Man Utd,0.0,4.5,0.0,0.0,0.0,0,0,0,0,0,0.0,0,0,3,True,0.0
Kevin Mbabu,Fulham,DEF,Fulham (H) vs Man Utd,0.0,4.0,0.0,0.0,0.0,0,0,0,0,0,0.0,0,0,3,True,0.0
Tim Ream,Fulham,DEF,Fulham (H) vs Man Utd,0.0,4.5,0.0,0.0,0.0,0,0,0,0,0,0.0,0,0,3,True,0.0
Scott Carson,Man City,GKP,Man City (H) vs Chelsea,0.0,4.0,0.0,0.0,0.0,0,0,0,0,0,0.0,0,0,4,True,
Oscar Bobb,Man City,MID,Man City (H) vs Chelsea,0.0,4.7,0.0,0.0,0.0,0,0,0,0,0,0.0,0,0,4,True,25.0
Jay Stansfield,Fulham,FWD,Fulham (H) vs Man Utd,0.0,5.0,1.0,0.0,0.0,1,0,0,0,0,0.0,1,0,3,True,0.0
Kenny Tete,Fulham,DEF,Fulham (H) vs Man Utd,0.0,4.4,2.5,0.0,0.0612,1262,2,0,3,0,0.0,37,2,3,True,0.0
Samuel Rak-Sakyi,Chelsea,MID,Chelsea (A) vs Man City,0.0,4.5,0.0,0.0,0.0,0,0,0,0,0,0.0,0,0,5,False,
Wesley Fofana,Chelsea,DEF,Chelsea (A) vs Man City,0.0,4.4,1.6,0.0,0.024,1015,0,0,6,0,0.0,19,1,5,False,0.0
Benjamin Arthur,Brentford,DEF,Brentford (A) vs Crystal Palace,0.0,4.0,0.0,0.0,0.0,0,0,0,0,0,0.0,0,0,2,False,
Emmanuel Dennis,Nott'm Forest,FWD,Nott'm Forest (A) vs Bournemouth,0.0,4.9,0.0,0.0,0.0,0,0,0,0,0,0.0,0,0,3,False,
Adrian Mazilu,Brighton,MID,Brighton (H) vs Everton,0.0,4.5,0.0,0.0,0.0,0,0,0,0,0,0.0,0,0,2,True,0.0
James Milner,Brighton,MID,Brighton (H) vs Everton,0.0,5.0,1.7,0.0,0.009600000000000001,169,0,0,1,0,0.0,5,1,2,True,0.0
Alex Mighten,Nott'm Forest,MID,Nott'm Forest (A) vs Bournemouth,0.0,4.5,0.0,0.0,0.0,0,0,0,0,0,0.0,0,0,3,False,0.0
Mark O’Mahony,Brighton,FWD,Brighton (H) vs Everton,0.0,4.5,0.0,0.0,0.0,0,0,0,0,0,0.0,0,0,2,True,0.0
Odeluga Offiah,Brighton,DEF,Brighton (H) vs Everton,0.0,4.0,0.0,0.0,0.0,0,0,0,0,0,0.0,0,0,2,True,0.0
Cameron Peupion,Brighton,MID,Brighton (H) vs Everton,0.0,4.4,0.0,0.0,0.0,0,0,0,0,0,0.0,0,0,2,True,
Jeremy Sarmiento Morante,Brighton,MID,Brighton (H) vs Everton,0.0,4.9,1.0,0.0,0.0,8,0,0,0,0,0.0,1,0,2,True,0.0
Mads Hermansen,Leicester,GKP,Leicester (A) vs Tottenham,0.0,4.5,2.4,0.0,0.0,1395,0,0,0,0,4.19,38,1,4,False,0.0
Đorđe Petrović,Chelsea,GKP,Chelsea (A) vs Man City,0.0,4.4,0.0,0.0,0.0,0,0,0,0,0,0.0,0,0,5,False,0.0
Carlos Miguel dos Santos Pereira,Nott'm Forest,GKP,Nott'm Forest (A) vs Bournemouth,0.0,4.2,0.0,0.0,0.0,0,0,0,0,0,0.0,0,0,3,False,
Josh Bowler,Nott'm Forest,MID,Nott'm Forest (A) vs Bournemouth,0.0,4.5,0.0,0.0,0.0,0,0,0,0,0,0.0,0,0,3,False,0.0
Deniz Undav,Brighton,FWD,Brighton (H) vs Everton,0.0,5.5,0.0,0.0,0.0,0,0,0,0,0,0.0,0,0,2,True,0.0
Andrew Moran,Brighton,MID,Brighton (H) vs Everton,0.0,5.0,0.0,0.0,0.0,0,0,0,0,0,0.0,0,0,2,True,0.0
Carl Rushworth,Brighton,GKP,Brighton (H) vs Everton,0.0,4.0,0.0,0.0,0.0,0,0,0,0,0,0.0,0,0,2,True,0.0
Ferdi Kadioglu,Brighton,DEF,Brighton (H) vs Everton,0.0,4.5,3.2,0.0,0.0264,385,0,1,1,0,0.0,19,2,2,True,0.0
Imari Samuels,Brighton,DEF,Brighton (H) vs Everton,0.0,4.0,0.0,0.0,0.0,0,0,0,0,0,0.0,0,0,2,True,0.0
Omar Richards,Nott'm Forest,DEF,Nott'm Forest (A) vs Bournemouth,0.0,4.5,0.0,0.0,0.0,0,0,0,0,0,0.0,0,0,3,False,0.0
Lewis O'Brien,Nott'm Forest,MID,Nott'm Forest (A) vs Bournemouth,0.0,5.0,0.0,0.0,0.0,0,0,0,0,0,0.0,0,0,3,False,0.0
Andrew Omobamidele,Nott'm Forest,DEF,Nott'm Forest (A) vs Bournemouth,0.0,4.2,0.0,0.0,0.0,0,0,0,0,0,0.0,0,0,3,False,
Jonathan Panzo,Nott'm Forest,DEF,Nott'm Forest (A) vs Bournemouth,0.0,4.0,0.0,0.0,0.0,0,0,0,0,0,0.0,0,0,3,False,0.0
Benicio Baker-Boaitey,Brighton,MID,Brighton (H) vs Everton,0.0,4.5,0.0,0.0,0.0,0,0,0,0,0,0.0,0,0,2,True,0.0
Wayne Hennessey,Nott'm Forest,GKP,Nott'm Forest (A) vs Bournemouth,0.0,4.0,0.0,0.0,0.0,0,0,0,0,0,0.0,0,0,3,False,
Axel Tuanzebe,Ipswich,DEF,Ipswich (A) vs Liverpool,0.0,3.9,1.6,0.2,0.0108,796,0,0,3,0,0.0,16,1,5,False,0.0
Valentín Barco,Brighton,DEF,Brighton (H) vs Everton,0.0,4.0,0.0,0.0,0.0,0,0,0,0,0,0.0,0,0,2,True,0.0
Amario Cozier-Duberry,Brighton,MID,Brighton (H) vs Everton,0.0,4.5,0.0,0.0,0.0,0,0,0,0,0,0.0,0,0,2,True,0.0
Mahmoud Dahoud,Brighton,MID,Brighton (H) vs Everton,0.0,4.9,0.0,0.0,0.0,0,0,0,0,0,0.0,0,0,2,True,0.0
Billy Gilmour,Brighton,MID,Brighton (H) vs Everton,0.0,5.0,1.5,0.0,0.0048000000000000004,97,0,0,0,0,0.0,3,0,2,True,0.0
Pascal Groß,Brighton,MID,Brighton (H) vs Everton,0.0,6.5,0.0,0.0,0.0,0,0,0,0,0,0.0,0,0,2,True,0.0
Ibrahim Osman,Brighton,MID,Brighton (H) vs Everton,0.0,5.0,0.0,0.0,0.0,0,0,0,0,0,0.0,0,0,2,True,0.0
Joe Worrall,Nott'm Forest,DEF,Nott'm Forest (A) vs Bournemouth,0.0,4.5,0.0,0.0,0.0,0,0,0,0,0,0.0,0,0,3,False,0.0
Igor Julio dos Santos de Paulo,Brighton,DEF,Brighton (H) vs Everton,0.0,4.4,1.4,0.4,0.003,900,0,0,4,0,0.0,17,1,2,True,0.0
Hwang Ui-jo,Nott'm Forest,FWD,Nott'm Forest (A) vs Bournemouth,0.0,4.5,0.0,0.0,0.0,0,0,0,0,0,0.0,0,0,3,False,0.0
Kacper Kozłowski,Brighton,MID,Brighton (H) vs Everton,0.0,4.5,0.0,0.0,0.0,0,0,0,0,0,0.0,0,0,2,True,0.0
Harry Souttar,Leicester,DEF,Leicester (A) vs Tottenham,0.0,4.0,0.0,0.0,0.0,0,0,0,0,0,0.0,0,0,4,False,0.0
Ibrahim Sangaré,Nott'm Forest,MID,Nott'm Forest (A) vs Bournemouth,0.0,4.3,1.3,0.0,0.0012000000000000001,212,0,0,2,0,0.0,4,1,3,False,0.0
Killian Cahill,Brighton,GKP,Brighton (H) vs Everton,0.0,3.9,0.0,0.0,0.0,0,0,0,0,0,0.0,0,0,2,True,
Miodrag Pivaš,Newcastle,DEF,Newcastle (A) vs Southampton,0.0,4.0,0.0,0.0,0.0,0,0,0,0,0,0.0,0,0,2,False,0.0
Callum Wilson,Newcastle,FWD,Newcastle (A) vs Southampton,0.0,6.9,0.8,0.0,0.0,57,0,0,1,0,0.0,3,0,2,False,0.0
Deivid Washington de Souza Eugênio,Chelsea,FWD,Chelsea (A) vs Man City,0.0,4.9,0.0,0.0,0.0,0,0,0,0,0,0.0,0,0,5,False,
Kiernan Dewsbury-Hall,Chelsea,MID,Chelsea (A) vs Man City,0.0,5.5,1.8,1.2,0.0132,132,1,0,0,0,0.0,11,0,5,False,0.0
Conor Gallagher,Chelsea,MID,Chelsea (A) vs Man City,0.0,5.9,0.0,0.0,0.0,0,0,0,0,0,0.0,0,0,5,False,0.0
Alfie Gilchrist,Chelsea,DEF,Chelsea (A) vs Man City,0.0,4.0,0.0,0.0,0.0,0,0,0,0,0,0.0,0,0,5,False,0.0
Omari Kellyman,Chelsea,MID,Chelsea (A) vs Man City,0.0,4.4,0.0,0.0,0.0,0,0,0,0,0,0.0,0,0,5,False,0.0
Romelu Lukaku Bolingoli,Chelsea,FWD,Chelsea (A) vs Man City,0.0,6.3,0.0,0.0,0.0,0,0,0,0,0,0.0,0,0,5,False,0.0
Malang Sarr,Chelsea,DEF,Chelsea (A) vs Man City,0.0,4.5,0.0,0.0,0.0,0,0,0,0,0,0.0,0,0,5,False,0.0
Harvey Barnes,Newcastle,MID,Newcastle (A) vs Southampton,0.0,6.0,3.2,0.6,0.1446,773,1,5,0,0,0.0,65,1,2,False,0.0
Stefan Bajčetić Maquieira,Liverpool,MID,Liverpool (H) vs Ipswich,0.0,4.5,0.0,0.0,0.0,0,0,0,0,0,0.0,0,0,2,True,0.0
Alex Murphy,Newcastle,DEF,Newcastle (A) vs Southampton,0.0,4.0,0.0,0.0,0.0,0,0,0,0,0,0.0,0,0,2,False,
Godwill Kukonki,Man Utd,DEF,Man Utd (A) vs Fulham,0.0,4.0,0.0,0.0,0.0,0,0,0,0,0,0.0,0,0,3,False,
Jayce Fitzgerald,Man Utd,MID,Man Utd (A) vs Fulham,0.0,4.5,0.0,0.0,0.0,0,0,0,0,0,0.0,0,0,3,False,
Harry Amass,Man Utd,DEF,Man Utd (A) vs Fulham,0.0,4.0,0.0,0.0,0.0,0,0,0,0,0,0.0,0,0,3,False,
Jack Fletcher,Man Utd,MID,Man Utd (A) vs Fulham,0.0,4.5,0.0,0.0,0.0,0,0,0,0,0,0.0,0,0,3,False,
Mykhailo Mudryk,Chelsea,MID,Chelsea (A) vs Man City,0.0,6.2,1.0,0.0,0.0144,145,0,0,0,0,0.0,7,0,5,False,0.0
Ethan Wheatley,Man Utd,FWD,Man Utd (A) vs Fulham,0.0,4.5,0.0,0.0,0.0,0,0,0,0,0,0.0,0,0,3,False,
Isaac Hayden,Newcastle,MID,Newcastle (A) vs Southampton,0.0,4.4,0.0,0.0,0.0,0,0,0,0,0,0.0,0,0,2,False,0.0
David Datro Fofana,Chelsea,FWD,Chelsea (A) vs Man City,0.0,5.4,0.0,0.0,0.0,0,0,0,0,0,0.0,0,0,5,False,0.0
Ruairi McConville,Brighton,DEF,Brighton (H) vs Everton,0.0,4.0,0.0,0.0,0.0,0,0,0,0,0,0.0,0,0,2,True,
Carney Chukwuemeka,Chelsea,MID,Chelsea (A) vs Man City,0.0,4.7,0.0,0.0,0.0,0,0,0,0,0,0.0,0,0,5,False,100.0
Joe White,Newcastle,MID,Newcastle (A) vs Southampton,0.0,4.5,0.0,0.0,0.0,0,0,0,0,0,0.0,0,0,2,False,0.0
Jacob Slater,Brighton,DEF,Brighton (H) vs Everton,0.0,4.0,0.0,0.0,0.0,0,0,0,0,0,0.0,0,0,2,True,
Michael Golding,Leicester,MID,Leicester (A) vs Tottenham,0.0,4.4,0.0,0.0,0.0,0,0,0,0,0,0.0,0,0,4,False,
Andrey Nascimento dos Santos,Chelsea,MID,Chelsea (A) vs Man City,0.0,4.5,0.0,0.0,0.0,0,0,0,0,0,0.0,0,0,5,False,0.0
John Ruddy,Newcastle,GKP,Newcastle (A) vs Southampton,0.0,4.0,0.0,0.0,0.0,0,0,0,0,0,0.0,0,0,2,False,
Ângelo Gabriel Borges Damaceno,Chelsea,MID,Chelsea (A) vs Man City,0.0,4.5,0.0,0.0,0.0,0,0,0,0,0,0.0,0,0,5,False,0.0
Odysseas Vlachodimos,Newcastle,GKP,Newcastle (A) vs Southampton,0.0,4.3,0.0,0.0,0.0,0,0,0,0,0,0.0,0,0,2,False,
Benoît Badiashile,Chelsea,DEF,Chelsea (A) vs Man City,0.0,4.3,1.2,0.0,0.0,247,0,0,0,0,0.0,5,0,5,False,0.0
Lucas Bergström,Chelsea,GKP,Chelsea (A) vs Man City,0.0,3.9,0.0,0.0,0.0,0,0,0,0,0,0.0,0,0,5,False,
Marcus Bettinelli,Chelsea,GKP,Chelsea (A) vs Man City,0.0,3.9,0.0,0.0,0.0,0,0,0,0,0,0.0,0,0,5,False,
Jamal Lewis,Newcastle,DEF,Newcastle (A) vs Southampton,0.0,4.0,0.0,0.0,0.0,0,0,0,0,0,0.0,0,0,2,False,0.0
Jamaal Lascelles,Newcastle,DEF,Newcastle (A) vs Southampton,0.0,4.5,0.0,0.0,0.0,0,0,0,0,0,0.0,0,0,2,False,0.0
Garang Kuol,Newcastle,MID,Newcastle (A) vs Southampton,0.0,4.4,0.0,0.0,0.0,0,0,0,0,0,0.0,0,0,2,False,
Cesare Casadei,Chelsea,MID,Chelsea (A) vs Man City,0.0,4.4,0.0,0.0,0.0,0,0,0,0,0,0.0,0,0,5,False,
Ben Chilwell,Chelsea,DEF,Chelsea (A) vs Man City,0.0,4.6,0.0,0.0,0.0,0,0,0,0,0,0.0,0,0,5,False,
Fábio Ferreira Vieira,Arsenal,MID,Arsenal (A) vs Wolves,0.0,5.4,0.0,0.0,0.0,0,0,0,0,0,0.0,0,0,2,False,0.0
